page,title,author,length,Agent
1,The Captain,Will Wight,Length: Not Yet Known,"Mozilla/5.0 (Windows NT 10.0; Win64; x64) AppleWebKit/537.36 (KHTML, like Gecko) Chrome/111.0.0.0 Safari/537.36"
1,"Right Man, Right Time",Meghan Quinn,Length: 12 hrs and 39 mins,"Mozilla/5.0 (Windows NT 10.0; Win64; x64) AppleWebKit/537.36 (KHTML, like Gecko) Chrome/111.0.0.0 Safari/537.36"
1,Murtagh,Christopher Paolini,Length: 18 hrs,"Mozilla/5.0 (Windows NT 10.0; Win64; x64) AppleWebKit/537.36 (KHTML, like Gecko) Chrome/111.0.0.0 Safari/537.36"
1,Forge Master,Seth Ring,Length: 14 hrs and 38 mins,"Mozilla/5.0 (Windows NT 10.0; Win64; x64) AppleWebKit/537.36 (KHTML, like Gecko) Chrome/111.0.0.0 Safari/537.36"
1,Magical Midlife Alliance,K.F. Breene,Length: 11 hrs and 26 mins,"Mozilla/5.0 (Windows NT 10.0; Win64; x64) AppleWebKit/537.36 (KHTML, like Gecko) Chrome/111.0.0.0 Safari/537.36"
1,The Rising,Jodi Ellen Malpas,Length: 21 hrs and 32 mins,"Mozilla/5.0 (Windows NT 10.0; Win64; x64) AppleWebKit/537.36 (KHTML, like Gecko) Chrome/111.0.0.0 Safari/537.36"
1,"Portal to Nova Roma: The Rhine, Book 3",J.R. Mathews,Length: 25 hrs and 24 mins,"Mozilla/5.0 (Windows NT 10.0; Win64; x64) AppleWebKit/537.36 (KHTML, like Gecko) Chrome/111.0.0.0 Safari/537.36"
1,Stolen Youth,"Karol Markowicz,Bethany Mandel",Length: 9 hrs and 5 mins,"Mozilla/5.0 (Windows NT 10.0; Win64; x64) AppleWebKit/537.36 (KHTML, like Gecko) Chrome/111.0.0.0 Safari/537.36"
1,Rise of the Weakest Summoner: Volumes I-III Omnibus,J. R. Saileri,Length: 28 hrs and 43 mins,"Mozilla/5.0 (Windows NT 10.0; Win64; x64) AppleWebKit/537.36 (KHTML, like Gecko) Chrome/111.0.0.0 Safari/537.36"
1,Cherish,Tracy Wolff,Length: 19 hrs,"Mozilla/5.0 (Windows NT 10.0; Win64; x64) AppleWebKit/537.36 (KHTML, like Gecko) Chrome/111.0.0.0 Safari/537.36"
1,I Will Find You,Harlan Coben,Length: 10 hrs and 16 mins,"Mozilla/5.0 (Windows NT 10.0; Win64; x64) AppleWebKit/537.36 (KHTML, like Gecko) Chrome/111.0.0.0 Safari/537.36"
1,Mark of the Fool 3,J.M. Clarke,Length: 22 hrs and 51 mins,"Mozilla/5.0 (Windows NT 10.0; Win64; x64) AppleWebKit/537.36 (KHTML, like Gecko) Chrome/111.0.0.0 Safari/537.36"
1,How to Defy a Vampire,Alice Winters,Length: 9 hrs and 52 mins,"Mozilla/5.0 (Windows NT 10.0; Win64; x64) AppleWebKit/537.36 (KHTML, like Gecko) Chrome/111.0.0.0 Safari/537.36"
1,Stain,Neven Iliev,Length: 16 hrs and 34 mins,"Mozilla/5.0 (Windows NT 10.0; Win64; x64) AppleWebKit/537.36 (KHTML, like Gecko) Chrome/111.0.0.0 Safari/537.36"
1,One for the Ages,JD Kirk,Length: 11 hrs and 32 mins,"Mozilla/5.0 (Windows NT 10.0; Win64; x64) AppleWebKit/537.36 (KHTML, like Gecko) Chrome/111.0.0.0 Safari/537.36"
1,My So-Called Sex Life,Lauren Blakely,Length: 8 hrs and 2 mins,"Mozilla/5.0 (Windows NT 10.0; Win64; x64) AppleWebKit/537.36 (KHTML, like Gecko) Chrome/111.0.0.0 Safari/537.36"
1,Dangerous Jesus,"Kevin Burgess,Jackie Hill Perry",Length: 7 hrs and 11 mins,"Mozilla/5.0 (Windows NT 10.0; Win64; x64) AppleWebKit/537.36 (KHTML, like Gecko) Chrome/111.0.0.0 Safari/537.36"
1,Toe the Line,Penelope Ward,Length: 8 hrs and 9 mins,"Mozilla/5.0 (Windows NT 10.0; Win64; x64) AppleWebKit/537.36 (KHTML, like Gecko) Chrome/111.0.0.0 Safari/537.36"
1,Code Red,"Vince Flynn,Kyle Mills",Length: 9 hrs and 30 mins,"Mozilla/5.0 (Windows NT 10.0; Win64; x64) AppleWebKit/537.36 (KHTML, like Gecko) Chrome/111.0.0.0 Safari/537.36"
1,Dirty Thirty,Janet Evanovich,Length: 8 hrs,"Mozilla/5.0 (Windows NT 10.0; Win64; x64) AppleWebKit/537.36 (KHTML, like Gecko) Chrome/111.0.0.0 Safari/537.36"
2,The Medici Manuscript,C.J. Archer,Length: 7 hrs and 59 mins,"Mozilla/5.0 (Windows NT 10.0; Win64; x64) AppleWebKit/537.36 (KHTML, like Gecko) Chrome/111.0.0.0 Safari/537.36"
2,A Game of Malice and Greed,"Caroline Peckham,Susanne Valenti",Length: 25 hrs and 50 mins,"Mozilla/5.0 (Windows NT 10.0; Win64; x64) AppleWebKit/537.36 (KHTML, like Gecko) Chrome/111.0.0.0 Safari/537.36"
2,Annoyed at First Sight,Lani Lynn Vale,Length: 5 hrs and 41 mins,"Mozilla/5.0 (Windows NT 10.0; Win64; x64) AppleWebKit/537.36 (KHTML, like Gecko) Chrome/111.0.0.0 Safari/537.36"
2,Poison Roses,"Tate James,Jaymin Eve",Length: 8 hrs and 25 mins,"Mozilla/5.0 (Windows NT 10.0; Win64; x64) AppleWebKit/537.36 (KHTML, like Gecko) Chrome/111.0.0.0 Safari/537.36"
2,Never Marry Your Brother's Best Friend,Lauren Landish,Length: 11 hrs and 25 mins,"Mozilla/5.0 (Windows NT 10.0; Win64; x64) AppleWebKit/537.36 (KHTML, like Gecko) Chrome/111.0.0.0 Safari/537.36"
2,Empath And Narcissist,Lisa Kennedy,Length: 20 hrs and 32 mins,"Mozilla/5.0 (Windows NT 10.0; Win64; x64) AppleWebKit/537.36 (KHTML, like Gecko) Chrome/111.0.0.0 Safari/537.36"
2,Foul Play,Helena Marchmont,Length: 2 hrs and 57 mins,"Mozilla/5.0 (Windows NT 10.0; Win64; x64) AppleWebKit/537.36 (KHTML, like Gecko) Chrome/111.0.0.0 Safari/537.36"
2,The Lord Ruler,Alvin Atwater,Length: 17 hrs and 39 mins,"Mozilla/5.0 (Windows NT 10.0; Win64; x64) AppleWebKit/537.36 (KHTML, like Gecko) Chrome/111.0.0.0 Safari/537.36"
2,Esrahaddon,Michael J. Sullivan,Length: Not Yet Known,"Mozilla/5.0 (Windows NT 10.0; Win64; x64) AppleWebKit/537.36 (KHTML, like Gecko) Chrome/111.0.0.0 Safari/537.36"
2,Until You,K. Bromberg,Length: 8 hrs and 27 mins,"Mozilla/5.0 (Windows NT 10.0; Win64; x64) AppleWebKit/537.36 (KHTML, like Gecko) Chrome/111.0.0.0 Safari/537.36"
2,Never Shall I Fail,"Jason Anspach,Nick Cole",Length: 11 hrs and 15 mins,"Mozilla/5.0 (Windows NT 10.0; Win64; x64) AppleWebKit/537.36 (KHTML, like Gecko) Chrome/111.0.0.0 Safari/537.36"
2,Don't Let Me Break,Kelsie Rae,Length: 10 hrs and 19 mins,"Mozilla/5.0 (Windows NT 10.0; Win64; x64) AppleWebKit/537.36 (KHTML, like Gecko) Chrome/111.0.0.0 Safari/537.36"
2,Destiny of a Prince,R.K. Lander,Length: 29 hrs and 52 mins,"Mozilla/5.0 (Windows NT 10.0; Win64; x64) AppleWebKit/537.36 (KHTML, like Gecko) Chrome/111.0.0.0 Safari/537.36"
2,Lunatic,Onley James,Length: 7 hrs and 49 mins,"Mozilla/5.0 (Windows NT 10.0; Win64; x64) AppleWebKit/537.36 (KHTML, like Gecko) Chrome/111.0.0.0 Safari/537.36"
2,Cast the First Crone,Amanda M. Lee,Length: 8 hrs and 52 mins,"Mozilla/5.0 (Windows NT 10.0; Win64; x64) AppleWebKit/537.36 (KHTML, like Gecko) Chrome/111.0.0.0 Safari/537.36"
2,Loving Whiskey,Brittanee Nicole,Length: 12 hrs and 17 mins,"Mozilla/5.0 (Windows NT 10.0; Win64; x64) AppleWebKit/537.36 (KHTML, like Gecko) Chrome/111.0.0.0 Safari/537.36"
2,Cannon,Sawyer Bennett,Length: 7 hrs and 44 mins,"Mozilla/5.0 (Windows NT 10.0; Win64; x64) AppleWebKit/537.36 (KHTML, like Gecko) Chrome/111.0.0.0 Safari/537.36"
2,Jungle World,B.V. Larson,Length: 13 hrs and 59 mins,"Mozilla/5.0 (Windows NT 10.0; Win64; x64) AppleWebKit/537.36 (KHTML, like Gecko) Chrome/111.0.0.0 Safari/537.36"
2,Magi Guard,Daniel Schinhofen,Length: 13 hrs and 2 mins,"Mozilla/5.0 (Windows NT 10.0; Win64; x64) AppleWebKit/537.36 (KHTML, like Gecko) Chrome/111.0.0.0 Safari/537.36"
2,Prince of Lies,Lucy Lennox,Length: 10 hrs and 26 mins,"Mozilla/5.0 (Windows NT 10.0; Win64; x64) AppleWebKit/537.36 (KHTML, like Gecko) Chrome/111.0.0.0 Safari/537.36"
3,Backpacking Through Bedlam,Seanan McGuire,Length: 12 hrs and 54 mins,"Mozilla/5.0 (Windows NT 10.0; Win64; x64) AppleWebKit/537.36 (KHTML, like Gecko) Chrome/111.0.0.0 Safari/537.36"
3,Rocked by Love: The Bradens & Montgomerys,Melissa Foster,Length: 13 hrs and 14 mins,"Mozilla/5.0 (Windows NT 10.0; Win64; x64) AppleWebKit/537.36 (KHTML, like Gecko) Chrome/111.0.0.0 Safari/537.36"
3,When a Moth Loved a Bee,Pepper Winters,Length: 24 hrs and 27 mins,"Mozilla/5.0 (Windows NT 10.0; Win64; x64) AppleWebKit/537.36 (KHTML, like Gecko) Chrome/111.0.0.0 Safari/537.36"
3,UFO of God,Chris Bledsoe,Length: 7 hrs and 52 mins,"Mozilla/5.0 (Windows NT 10.0; Win64; x64) AppleWebKit/537.36 (KHTML, like Gecko) Chrome/111.0.0.0 Safari/537.36"
3,Only the Dead,Jack Carr,Length: 12 hrs,"Mozilla/5.0 (Windows NT 10.0; Win64; x64) AppleWebKit/537.36 (KHTML, like Gecko) Chrome/111.0.0.0 Safari/537.36"
3,Satan's Affair,H. D. Carlton,Length: 5 hrs and 47 mins,"Mozilla/5.0 (Windows NT 10.0; Win64; x64) AppleWebKit/537.36 (KHTML, like Gecko) Chrome/111.0.0.0 Safari/537.36"
3,Unexpected,Chris Thomas,Length: 9 hrs and 25 mins,"Mozilla/5.0 (Windows NT 10.0; Win64; x64) AppleWebKit/537.36 (KHTML, like Gecko) Chrome/111.0.0.0 Safari/537.36"
3,Blood Lovers,JA Huss,Length: 11 hrs and 9 mins,"Mozilla/5.0 (Windows NT 10.0; Win64; x64) AppleWebKit/537.36 (KHTML, like Gecko) Chrome/111.0.0.0 Safari/537.36"
3,The New Guy,Sarina Bowen,Length: 9 hrs and 49 mins,"Mozilla/5.0 (Windows NT 10.0; Win64; x64) AppleWebKit/537.36 (KHTML, like Gecko) Chrome/111.0.0.0 Safari/537.36"
3,Powerless,Elsie Silver,Length: 10 hrs and 25 mins,"Mozilla/5.0 (Windows NT 10.0; Win64; x64) AppleWebKit/537.36 (KHTML, like Gecko) Chrome/111.0.0.0 Safari/537.36"
3,Two Weeks Notice,Amy Porterfield,Length: 7 hrs and 38 mins,"Mozilla/5.0 (Windows NT 10.0; Win64; x64) AppleWebKit/537.36 (KHTML, like Gecko) Chrome/111.0.0.0 Safari/537.36"
3,The White Pill,Michael Malice,Length: 9 hrs and 11 mins,"Mozilla/5.0 (Windows NT 10.0; Win64; x64) AppleWebKit/537.36 (KHTML, like Gecko) Chrome/111.0.0.0 Safari/537.36"
3,Oscar Wars,Michael Schulman,Length: 21 hrs,"Mozilla/5.0 (Windows NT 10.0; Win64; x64) AppleWebKit/537.36 (KHTML, like Gecko) Chrome/111.0.0.0 Safari/537.36"
3,Change Your Brain Every Day,Daniel Amen,Length: 15 hrs and 8 mins,"Mozilla/5.0 (Windows NT 10.0; Win64; x64) AppleWebKit/537.36 (KHTML, like Gecko) Chrome/111.0.0.0 Safari/537.36"
3,The Obstacle Is the Way,Ryan Holiday,Length: 4 hrs and 38 mins,"Mozilla/5.0 (Windows NT 10.0; Win64; x64) AppleWebKit/537.36 (KHTML, like Gecko) Chrome/111.0.0.0 Safari/537.36"
3,Confederacy of Fear,Blaine Pardoe,Length: 15 hrs and 15 mins,"Mozilla/5.0 (Windows NT 10.0; Win64; x64) AppleWebKit/537.36 (KHTML, like Gecko) Chrome/111.0.0.0 Safari/537.36"
3,Scaling People,Claire Hughes Johnson,Length: 11 hrs and 32 mins,"Mozilla/5.0 (Windows NT 10.0; Win64; x64) AppleWebKit/537.36 (KHTML, like Gecko) Chrome/111.0.0.0 Safari/537.36"
3,Because I'm Yours,Claire Contreras,Length: 9 hrs and 10 mins,"Mozilla/5.0 (Windows NT 10.0; Win64; x64) AppleWebKit/537.36 (KHTML, like Gecko) Chrome/111.0.0.0 Safari/537.36"
3,In a Jam,Kate Canterbary,Length: 15 hrs and 54 mins,"Mozilla/5.0 (Windows NT 10.0; Win64; x64) AppleWebKit/537.36 (KHTML, like Gecko) Chrome/111.0.0.0 Safari/537.36"
3,The Ravenglass Chronicles: Complete Omnibus,Jon Cronshaw,Length: 40 hrs and 58 mins,"Mozilla/5.0 (Windows NT 10.0; Win64; x64) AppleWebKit/537.36 (KHTML, like Gecko) Chrome/111.0.0.0 Safari/537.36"
4,Grandmaster Arcanist,Shami Stovall,Length: 15 hrs and 13 mins,"Mozilla/5.0 (Windows NT 10.0; Win64; x64) AppleWebKit/537.36 (KHTML, like Gecko) Chrome/111.0.0.0 Safari/537.36"
4,The Dragon Twins: The Complete Series,Michelle Madow,Length: 23 hrs and 10 mins,"Mozilla/5.0 (Windows NT 10.0; Win64; x64) AppleWebKit/537.36 (KHTML, like Gecko) Chrome/111.0.0.0 Safari/537.36"
4,Herald of Wind,Matthew Wolf,Length: 44 hrs and 46 mins,"Mozilla/5.0 (Windows NT 10.0; Win64; x64) AppleWebKit/537.36 (KHTML, like Gecko) Chrome/111.0.0.0 Safari/537.36"
4,The Sceptic,Lily Morton,Length: 11 hrs and 18 mins,"Mozilla/5.0 (Windows NT 10.0; Win64; x64) AppleWebKit/537.36 (KHTML, like Gecko) Chrome/111.0.0.0 Safari/537.36"
4,Now You See Me,D.K. Hood,Length: 7 hrs and 43 mins,"Mozilla/5.0 (Windows NT 10.0; Win64; x64) AppleWebKit/537.36 (KHTML, like Gecko) Chrome/111.0.0.0 Safari/537.36"
4,Saffron Wilds,Kai Butler,Length: 12 hrs and 48 mins,"Mozilla/5.0 (Windows NT 10.0; Win64; x64) AppleWebKit/537.36 (KHTML, like Gecko) Chrome/111.0.0.0 Safari/537.36"
4,They're Lying,Liz Collin,Length: 5 hrs and 20 mins,"Mozilla/5.0 (Windows NT 10.0; Win64; x64) AppleWebKit/537.36 (KHTML, like Gecko) Chrome/111.0.0.0 Safari/537.36"
4,Conspiracy of Dragons,Louisa Masters,Length: 7 hrs and 17 mins,"Mozilla/5.0 (Windows NT 10.0; Win64; x64) AppleWebKit/537.36 (KHTML, like Gecko) Chrome/111.0.0.0 Safari/537.36"
4,King of the Shadow Fae,Amelia Hutchins,Length: 8 hrs and 32 mins,"Mozilla/5.0 (Windows NT 10.0; Win64; x64) AppleWebKit/537.36 (KHTML, like Gecko) Chrome/111.0.0.0 Safari/537.36"
4,Worthy Opponents,Danielle Steel,Length: 7 hrs and 33 mins,"Mozilla/5.0 (Windows NT 10.0; Win64; x64) AppleWebKit/537.36 (KHTML, like Gecko) Chrome/111.0.0.0 Safari/537.36"
4,Twisted Secrets,Rachel Leigh,Length: 8 hrs and 44 mins,"Mozilla/5.0 (Windows NT 10.0; Win64; x64) AppleWebKit/537.36 (KHTML, like Gecko) Chrome/111.0.0.0 Safari/537.36"
4,Unbroken Bonds,J Bree,Length: 10 hrs and 49 mins,"Mozilla/5.0 (Windows NT 10.0; Win64; x64) AppleWebKit/537.36 (KHTML, like Gecko) Chrome/111.0.0.0 Safari/537.36"
4,The Three-Body Problem,"Cixin Liu,Ken Liu",Length: 14 hrs and 46 mins,"Mozilla/5.0 (Windows NT 10.0; Win64; x64) AppleWebKit/537.36 (KHTML, like Gecko) Chrome/111.0.0.0 Safari/537.36"
4,Weyward,Emilia Hart,Length: 10 hrs and 51 mins,"Mozilla/5.0 (Windows NT 10.0; Win64; x64) AppleWebKit/537.36 (KHTML, like Gecko) Chrome/111.0.0.0 Safari/537.36"
4,Unraveling Destiny,Amelia Hutchins,Length: 10 hrs and 55 mins,"Mozilla/5.0 (Windows NT 10.0; Win64; x64) AppleWebKit/537.36 (KHTML, like Gecko) Chrome/111.0.0.0 Safari/537.36"
4,The Path of Ascension 2,C. Mantis,Length: 17 hrs and 38 mins,"Mozilla/5.0 (Windows NT 10.0; Win64; x64) AppleWebKit/537.36 (KHTML, like Gecko) Chrome/111.0.0.0 Safari/537.36"
4,The Vow,Maggie Cole,Length: 9 hrs and 37 mins,"Mozilla/5.0 (Windows NT 10.0; Win64; x64) AppleWebKit/537.36 (KHTML, like Gecko) Chrome/111.0.0.0 Safari/537.36"
4,Nurture,Erica Chidi,Length: 11 hrs and 33 mins,"Mozilla/5.0 (Windows NT 10.0; Win64; x64) AppleWebKit/537.36 (KHTML, like Gecko) Chrome/111.0.0.0 Safari/537.36"
4,Whiskey Lies,Brittanee Nicole,Length: 11 hrs and 48 mins,"Mozilla/5.0 (Windows NT 10.0; Win64; x64) AppleWebKit/537.36 (KHTML, like Gecko) Chrome/111.0.0.0 Safari/537.36"
4,Double Dose,Gretchen Archer,Length: 8 hrs and 14 mins,"Mozilla/5.0 (Windows NT 10.0; Win64; x64) AppleWebKit/537.36 (KHTML, like Gecko) Chrome/111.0.0.0 Safari/537.36"
5,Feral Wolf,"Caroline Peckham,Susanne Valenti",Length: 11 hrs and 34 mins,"Mozilla/5.0 (Windows NT 10.0; Win64; x64) AppleWebKit/537.36 (KHTML, like Gecko) Chrome/111.0.0.0 Safari/537.36"
5,Frame: On Self Actualization for the Modern Man,Rian Stone,Length: 6 hrs and 22 mins,"Mozilla/5.0 (Windows NT 10.0; Win64; x64) AppleWebKit/537.36 (KHTML, like Gecko) Chrome/111.0.0.0 Safari/537.36"
5,Ghost's Whisper,Ella Summers,Length: 10 hrs and 40 mins,"Mozilla/5.0 (Windows NT 10.0; Win64; x64) AppleWebKit/537.36 (KHTML, like Gecko) Chrome/111.0.0.0 Safari/537.36"
5,Butt-dialing the Billionaire,Annika Martin,Length: 10 hrs and 28 mins,"Mozilla/5.0 (Windows NT 10.0; Win64; x64) AppleWebKit/537.36 (KHTML, like Gecko) Chrome/111.0.0.0 Safari/537.36"
5,(ISC)2 CISSP Certified Information Systems Security Professional Official Study Guide 9th Edition,"Mike Chapple,James Michael Stewart,Darril Gibson",Length: 65 hrs and 38 mins,"Mozilla/5.0 (Windows NT 10.0; Win64; x64) AppleWebKit/537.36 (KHTML, like Gecko) Chrome/111.0.0.0 Safari/537.36"
5,Imperium Descent: Volume III,Christopher Hopper,Length: 10 hrs and 50 mins,"Mozilla/5.0 (Windows NT 10.0; Win64; x64) AppleWebKit/537.36 (KHTML, like Gecko) Chrome/111.0.0.0 Safari/537.36"
5,A Sinister Revenge,Deanna Raybourn,Length: 12 hrs and 3 mins,"Mozilla/5.0 (Windows NT 10.0; Win64; x64) AppleWebKit/537.36 (KHTML, like Gecko) Chrome/111.0.0.0 Safari/537.36"
5,The Secret Life of Sunflowers,"Marta Molnar,Dana Marton",Length: 9 hrs and 52 mins,"Mozilla/5.0 (Windows NT 10.0; Win64; x64) AppleWebKit/537.36 (KHTML, like Gecko) Chrome/111.0.0.0 Safari/537.36"
5,Forest of Foes,Matthew Harffy,Length: 14 hrs and 28 mins,"Mozilla/5.0 (Windows NT 10.0; Win64; x64) AppleWebKit/537.36 (KHTML, like Gecko) Chrome/111.0.0.0 Safari/537.36"
5,Silver Master,Jayne Castle,Length: 9 hrs and 37 mins,"Mozilla/5.0 (Windows NT 10.0; Win64; x64) AppleWebKit/537.36 (KHTML, like Gecko) Chrome/111.0.0.0 Safari/537.36"
5,Their Resting Place,B.R. Spangler,Length: 7 hrs and 59 mins,"Mozilla/5.0 (Windows NT 10.0; Win64; x64) AppleWebKit/537.36 (KHTML, like Gecko) Chrome/111.0.0.0 Safari/537.36"
5,A Long Time Coming,Meghan Quinn,Length: 12 hrs and 22 mins,"Mozilla/5.0 (Windows NT 10.0; Win64; x64) AppleWebKit/537.36 (KHTML, like Gecko) Chrome/111.0.0.0 Safari/537.36"
5,Prometheus Rising,Robert Anton Wilson,Length: 7 hrs and 57 mins,"Mozilla/5.0 (Windows NT 10.0; Win64; x64) AppleWebKit/537.36 (KHTML, like Gecko) Chrome/111.0.0.0 Safari/537.36"
5,League of Auld,Edward Savio,Length: 12 hrs and 46 mins,"Mozilla/5.0 (Windows NT 10.0; Win64; x64) AppleWebKit/537.36 (KHTML, like Gecko) Chrome/111.0.0.0 Safari/537.36"
5,The Black Farm,Elias Witherow,Length: 9 hrs and 39 mins,"Mozilla/5.0 (Windows NT 10.0; Win64; x64) AppleWebKit/537.36 (KHTML, like Gecko) Chrome/111.0.0.0 Safari/537.36"
5,The Miracle of Flexibility,Miranda Esmonde-White,Length: 2 hrs and 36 mins,"Mozilla/5.0 (Windows NT 10.0; Win64; x64) AppleWebKit/537.36 (KHTML, like Gecko) Chrome/111.0.0.0 Safari/537.36"
5,Overedited & Underpaid,Amanda M. Lee,Length: 9 hrs and 8 mins,"Mozilla/5.0 (Windows NT 10.0; Win64; x64) AppleWebKit/537.36 (KHTML, like Gecko) Chrome/111.0.0.0 Safari/537.36"
5,A Match in the Making,Jen Turano,Length: 10 hrs and 4 mins,"Mozilla/5.0 (Windows NT 10.0; Win64; x64) AppleWebKit/537.36 (KHTML, like Gecko) Chrome/111.0.0.0 Safari/537.36"
5,Nantucket Homes,Pamela M. Kelley,Length: 5 hrs and 53 mins,"Mozilla/5.0 (Windows NT 10.0; Win64; x64) AppleWebKit/537.36 (KHTML, like Gecko) Chrome/111.0.0.0 Safari/537.36"
5,Push Off from Here,Laura McKowen,Length: 7 hrs and 34 mins,"Mozilla/5.0 (Windows NT 10.0; Win64; x64) AppleWebKit/537.36 (KHTML, like Gecko) Chrome/111.0.0.0 Safari/537.36"
6,The Family Jewels,Caimh McDonnell,Length: 10 hrs and 9 mins,"Mozilla/5.0 (Windows NT 10.0; Win64; x64) AppleWebKit/537.36 (KHTML, like Gecko) Chrome/111.0.0.0 Safari/537.36"
6,"Dark Waters, Starry Skies",Jeffrey Cox,Length: 31 hrs and 15 mins,"Mozilla/5.0 (Windows NT 10.0; Win64; x64) AppleWebKit/537.36 (KHTML, like Gecko) Chrome/111.0.0.0 Safari/537.36"
6,Family Gatherings at Promise Lodge,Charlotte Hubbard,Length: 9 hrs and 11 mins,"Mozilla/5.0 (Windows NT 10.0; Win64; x64) AppleWebKit/537.36 (KHTML, like Gecko) Chrome/111.0.0.0 Safari/537.36"
6,The Dragon Twins: The Complete Series,Michelle Madow,Length: 23 hrs and 10 mins,"Mozilla/5.0 (Windows NT 10.0; Win64; x64) AppleWebKit/537.36 (KHTML, like Gecko) Chrome/111.0.0.0 Safari/537.36"
6,Courage to Stand,Ginny Dye,Length: 16 hrs and 6 mins,"Mozilla/5.0 (Windows NT 10.0; Win64; x64) AppleWebKit/537.36 (KHTML, like Gecko) Chrome/111.0.0.0 Safari/537.36"
6,Lucky in Lace,Melissa Brayden,Length: 11 hrs and 2 mins,"Mozilla/5.0 (Windows NT 10.0; Win64; x64) AppleWebKit/537.36 (KHTML, like Gecko) Chrome/111.0.0.0 Safari/537.36"
6,Ghost's Whisper,Ella Summers,Length: 10 hrs and 40 mins,"Mozilla/5.0 (Windows NT 10.0; Win64; x64) AppleWebKit/537.36 (KHTML, like Gecko) Chrome/111.0.0.0 Safari/537.36"
6,Nuclear War Survival,"David Kobler,JD Dutra",Length: 1 hr and 19 mins,"Mozilla/5.0 (Windows NT 10.0; Win64; x64) AppleWebKit/537.36 (KHTML, like Gecko) Chrome/111.0.0.0 Safari/537.36"
6,Modern Magick,Donald Michael Kraig,Length: 26 hrs and 41 mins,"Mozilla/5.0 (Windows NT 10.0; Win64; x64) AppleWebKit/537.36 (KHTML, like Gecko) Chrome/111.0.0.0 Safari/537.36"
6,My What If Year,Alisha Fernandez Miranda,Length: 7 hrs and 22 mins,"Mozilla/5.0 (Windows NT 10.0; Win64; x64) AppleWebKit/537.36 (KHTML, like Gecko) Chrome/111.0.0.0 Safari/537.36"
6,Reclusive Mage,Inadvisably Compelled,Length: 12 hrs and 27 mins,"Mozilla/5.0 (Windows NT 10.0; Win64; x64) AppleWebKit/537.36 (KHTML, like Gecko) Chrome/111.0.0.0 Safari/537.36"
6,Change Your Brain Every Day,Daniel Amen,Length: 15 hrs and 8 mins,"Mozilla/5.0 (Windows NT 10.0; Win64; x64) AppleWebKit/537.36 (KHTML, like Gecko) Chrome/111.0.0.0 Safari/537.36"
6,Believing Me,Ingrid Clayton,Length: 7 hrs and 15 mins,"Mozilla/5.0 (Windows NT 10.0; Win64; x64) AppleWebKit/537.36 (KHTML, like Gecko) Chrome/111.0.0.0 Safari/537.36"
6,School of the Prophets,Kris Vallotton,Length: 6 hrs and 5 mins,"Mozilla/5.0 (Windows NT 10.0; Win64; x64) AppleWebKit/537.36 (KHTML, like Gecko) Chrome/111.0.0.0 Safari/537.36"
6,Dark Angel,John Sandford,Length: 11 hrs and 7 mins,"Mozilla/5.0 (Windows NT 10.0; Win64; x64) AppleWebKit/537.36 (KHTML, like Gecko) Chrome/111.0.0.0 Safari/537.36"
6,Three Widows,Patricia Gibney,Length: 13 hrs and 45 mins,"Mozilla/5.0 (Windows NT 10.0; Win64; x64) AppleWebKit/537.36 (KHTML, like Gecko) Chrome/111.0.0.0 Safari/537.36"
6,The Final Nephilim,Ryan Pitterson,Length: 17 hrs and 27 mins,"Mozilla/5.0 (Windows NT 10.0; Win64; x64) AppleWebKit/537.36 (KHTML, like Gecko) Chrome/111.0.0.0 Safari/537.36"
6,Optimize Your Health with Therapeutic Peptides,Jay Campbell,Length: 3 hrs and 1 min,"Mozilla/5.0 (Windows NT 10.0; Win64; x64) AppleWebKit/537.36 (KHTML, like Gecko) Chrome/111.0.0.0 Safari/537.36"
6,The Surprise,Kristen Proby,Length: 2 hrs and 4 mins,"Mozilla/5.0 (Windows NT 10.0; Win64; x64) AppleWebKit/537.36 (KHTML, like Gecko) Chrome/111.0.0.0 Safari/537.36"
6,Every Shot Counts,Mark Broadie,Length: 6 hrs and 28 mins,"Mozilla/5.0 (Windows NT 10.0; Win64; x64) AppleWebKit/537.36 (KHTML, like Gecko) Chrome/111.0.0.0 Safari/537.36"
7,From Hoping to Having,Julie Poole,Length: 8 hrs and 47 mins,"Mozilla/5.0 (Windows NT 10.0; Win64; x64) AppleWebKit/537.36 (KHTML, like Gecko) Chrome/111.0.0.0 Safari/537.36"
7,A Praying Church,"Paul E. Miller,Dane C. Ortlund",Length: 7 hrs and 28 mins,"Mozilla/5.0 (Windows NT 10.0; Win64; x64) AppleWebKit/537.36 (KHTML, like Gecko) Chrome/111.0.0.0 Safari/537.36"
7,Not Accountable,"Philip K. Howard,Mitch Daniels - foreword",Length: 4 hrs and 4 mins,"Mozilla/5.0 (Windows NT 10.0; Win64; x64) AppleWebKit/537.36 (KHTML, like Gecko) Chrome/111.0.0.0 Safari/537.36"
7,Wanderlust,Reid Mitenbuler,Length: 19 hrs and 13 mins,"Mozilla/5.0 (Windows NT 10.0; Win64; x64) AppleWebKit/537.36 (KHTML, like Gecko) Chrome/111.0.0.0 Safari/537.36"
7,The Kind Worth Saving,Peter Swanson,Length: 8 hrs and 37 mins,"Mozilla/5.0 (Windows NT 10.0; Win64; x64) AppleWebKit/537.36 (KHTML, like Gecko) Chrome/111.0.0.0 Safari/537.36"
7,"Secular, Sacred, Spirit",Blake K. Healy,Length: 3 hrs and 29 mins,"Mozilla/5.0 (Windows NT 10.0; Win64; x64) AppleWebKit/537.36 (KHTML, like Gecko) Chrome/111.0.0.0 Safari/537.36"
7,Battle Miner,Kirk Mason,Length: 9 hrs and 9 mins,"Mozilla/5.0 (Windows NT 10.0; Win64; x64) AppleWebKit/537.36 (KHTML, like Gecko) Chrome/111.0.0.0 Safari/537.36"
7,Living on the Inside of the Edge,Christian Kimball,Length: 9 hrs and 13 mins,"Mozilla/5.0 (Windows NT 10.0; Win64; x64) AppleWebKit/537.36 (KHTML, like Gecko) Chrome/111.0.0.0 Safari/537.36"
7,Good Power,Ginni Rometty,Length: 9 hrs and 24 mins,"Mozilla/5.0 (Windows NT 10.0; Win64; x64) AppleWebKit/537.36 (KHTML, like Gecko) Chrome/111.0.0.0 Safari/537.36"
7,Wrong Side of Forty,Jana DeLeon,Length: 9 hrs and 45 mins,"Mozilla/5.0 (Windows NT 10.0; Win64; x64) AppleWebKit/537.36 (KHTML, like Gecko) Chrome/111.0.0.0 Safari/537.36"
7,Cómo piensan los ricos,"Morgan Housel,Arnau Figueras Deulofeu (traductor)",Length: 7 hrs and 2 mins,"Mozilla/5.0 (Windows NT 10.0; Win64; x64) AppleWebKit/537.36 (KHTML, like Gecko) Chrome/111.0.0.0 Safari/537.36"
7,Imagine Big,Terri Savelle Foy,Length: 5 hrs and 47 mins,"Mozilla/5.0 (Windows NT 10.0; Win64; x64) AppleWebKit/537.36 (KHTML, like Gecko) Chrome/111.0.0.0 Safari/537.36"
7,Dragon's Justice 6,Bruce Sentar,Length: 10 hrs and 44 mins,"Mozilla/5.0 (Windows NT 10.0; Win64; x64) AppleWebKit/537.36 (KHTML, like Gecko) Chrome/111.0.0.0 Safari/537.36"
7,What a Unicorn Knows,"Matthew E. May,Pablo Dominguez,Nick Mehta - foreword",Length: 7 hrs and 44 mins,"Mozilla/5.0 (Windows NT 10.0; Win64; x64) AppleWebKit/537.36 (KHTML, like Gecko) Chrome/111.0.0.0 Safari/537.36"
7,Confrontations,Jacques Vallee,Length: 8 hrs and 37 mins,"Mozilla/5.0 (Windows NT 10.0; Win64; x64) AppleWebKit/537.36 (KHTML, like Gecko) Chrome/111.0.0.0 Safari/537.36"
7,Fateless: Book One,Martin McKenzie,Length: 18 hrs and 58 mins,"Mozilla/5.0 (Windows NT 10.0; Win64; x64) AppleWebKit/537.36 (KHTML, like Gecko) Chrome/111.0.0.0 Safari/537.36"
7,Both Feet in the Grave,Jeaniene Frost,Length: 10 hrs and 5 mins,"Mozilla/5.0 (Windows NT 10.0; Win64; x64) AppleWebKit/537.36 (KHTML, like Gecko) Chrome/111.0.0.0 Safari/537.36"
7,Dirty Laundry,"Richard Pink,Roxanne Emery",Length: 4 hrs and 2 mins,"Mozilla/5.0 (Windows NT 10.0; Win64; x64) AppleWebKit/537.36 (KHTML, like Gecko) Chrome/111.0.0.0 Safari/537.36"
7,Dragon,Kat Blackthorne,Length: 10 hrs and 14 mins,"Mozilla/5.0 (Windows NT 10.0; Win64; x64) AppleWebKit/537.36 (KHTML, like Gecko) Chrome/111.0.0.0 Safari/537.36"
7,I Married a Beast,Regine Abel,Length: 9 hrs and 16 mins,"Mozilla/5.0 (Windows NT 10.0; Win64; x64) AppleWebKit/537.36 (KHTML, like Gecko) Chrome/111.0.0.0 Safari/537.36"
8,Vanished in Vermillion,Lou Raguse,Length: 9 hrs and 40 mins,"Mozilla/5.0 (Windows NT 10.0; Win64; x64) AppleWebKit/537.36 (KHTML, like Gecko) Chrome/111.0.0.0 Safari/537.36"
8,Forevermore,Dannika Dark,Length: 3 hrs and 30 mins,"Mozilla/5.0 (Windows NT 10.0; Win64; x64) AppleWebKit/537.36 (KHTML, like Gecko) Chrome/111.0.0.0 Safari/537.36"
8,"You Can't Kiss the Nanny, Brady Banks",Piper Rayne,Length: 6 hrs and 24 mins,"Mozilla/5.0 (Windows NT 10.0; Win64; x64) AppleWebKit/537.36 (KHTML, like Gecko) Chrome/111.0.0.0 Safari/537.36"
8,Deracine Sun,"J.N. Chaney,M.F. Lerma",Length: 8 hrs and 2 mins,"Mozilla/5.0 (Windows NT 10.0; Win64; x64) AppleWebKit/537.36 (KHTML, like Gecko) Chrome/111.0.0.0 Safari/537.36"
8,The Lost Relic,Vaughn Heppner,Length: 14 hrs and 34 mins,"Mozilla/5.0 (Windows NT 10.0; Win64; x64) AppleWebKit/537.36 (KHTML, like Gecko) Chrome/111.0.0.0 Safari/537.36"
8,Wyoming Wild,Sarah M. Eden,Length: 7 hrs and 32 mins,"Mozilla/5.0 (Windows NT 10.0; Win64; x64) AppleWebKit/537.36 (KHTML, like Gecko) Chrome/111.0.0.0 Safari/537.36"
8,Racing with Rich Energy,"Elizabeth Blackstock,Alanis King",Length: 9 hrs and 48 mins,"Mozilla/5.0 (Windows NT 10.0; Win64; x64) AppleWebKit/537.36 (KHTML, like Gecko) Chrome/111.0.0.0 Safari/537.36"
8,How to Save the West,Spencer Klavan,Length: 6 hrs and 33 mins,"Mozilla/5.0 (Windows NT 10.0; Win64; x64) AppleWebKit/537.36 (KHTML, like Gecko) Chrome/111.0.0.0 Safari/537.36"
8,Dave the Villager 18: An Unofficial Minecraft Book,Dave Villager,Length: 1 hr and 42 mins,"Mozilla/5.0 (Windows NT 10.0; Win64; x64) AppleWebKit/537.36 (KHTML, like Gecko) Chrome/111.0.0.0 Safari/537.36"
8,Shadows of Light,Brenda K. Davies,Length: 10 hrs and 33 mins,"Mozilla/5.0 (Windows NT 10.0; Win64; x64) AppleWebKit/537.36 (KHTML, like Gecko) Chrome/111.0.0.0 Safari/537.36"
8,Vicious Bonds,Shanora Williams,Length: 12 hrs and 24 mins,"Mozilla/5.0 (Windows NT 10.0; Win64; x64) AppleWebKit/537.36 (KHTML, like Gecko) Chrome/111.0.0.0 Safari/537.36"
8,Russia's War on Everybody,Keir Giles,Length: 9 hrs and 47 mins,"Mozilla/5.0 (Windows NT 10.0; Win64; x64) AppleWebKit/537.36 (KHTML, like Gecko) Chrome/111.0.0.0 Safari/537.36"
8,Can't Say Goodbye,Eden Finley,Length: 8 hrs and 5 mins,"Mozilla/5.0 (Windows NT 10.0; Win64; x64) AppleWebKit/537.36 (KHTML, like Gecko) Chrome/111.0.0.0 Safari/537.36"
8,Smoke Screen,Bradley Wright,Length: 6 hrs and 49 mins,"Mozilla/5.0 (Windows NT 10.0; Win64; x64) AppleWebKit/537.36 (KHTML, like Gecko) Chrome/111.0.0.0 Safari/537.36"
8,"The False Hero, Box Set 2",Michael Plymel,Length: 38 hrs and 41 mins,"Mozilla/5.0 (Windows NT 10.0; Win64; x64) AppleWebKit/537.36 (KHTML, like Gecko) Chrome/111.0.0.0 Safari/537.36"
8,Spare,Prince Harry The Duke of Sussex,Length: 15 hrs and 39 mins,"Mozilla/5.0 (Windows NT 10.0; Win64; x64) AppleWebKit/537.36 (KHTML, like Gecko) Chrome/111.0.0.0 Safari/537.36"
8,Burner,Mark Greaney,Length: 16 hrs and 37 mins,"Mozilla/5.0 (Windows NT 10.0; Win64; x64) AppleWebKit/537.36 (KHTML, like Gecko) Chrome/111.0.0.0 Safari/537.36"
8,Gunner,Dr. Rebecca Sharp,Length: 11 hrs and 8 mins,"Mozilla/5.0 (Windows NT 10.0; Win64; x64) AppleWebKit/537.36 (KHTML, like Gecko) Chrome/111.0.0.0 Safari/537.36"
8,BattleTech: No Greater Honor,"John Helfers,Joel Steverson,Craig A. Reed,Chris Hussey,Randall N. Bills,Jason Hansa,Daniel Isberner,Alan Brundage,Jason Schmetzer,Michael J. Ciaravella",Length: 11 hrs and 12 mins,"Mozilla/5.0 (Windows NT 10.0; Win64; x64) AppleWebKit/537.36 (KHTML, like Gecko) Chrome/111.0.0.0 Safari/537.36"
8,Bastard,"Alexey Osadchuk,Andrew Douglas Schmitt - translator",Length: 9 hrs and 37 mins,"Mozilla/5.0 (Windows NT 10.0; Win64; x64) AppleWebKit/537.36 (KHTML, like Gecko) Chrome/111.0.0.0 Safari/537.36"
9,Valkyrie,Kris Michaels,Length: 7 hrs and 6 mins,"Mozilla/5.0 (Windows NT 10.0; Win64; x64) AppleWebKit/537.36 (KHTML, like Gecko) Chrome/111.0.0.0 Safari/537.36"
9,Gray Tidings,Hailey Edwards,Length: 8 hrs and 42 mins,"Mozilla/5.0 (Windows NT 10.0; Win64; x64) AppleWebKit/537.36 (KHTML, like Gecko) Chrome/111.0.0.0 Safari/537.36"
9,Angron: The Red Angel,David Guymer,Length: 10 hrs and 57 mins,"Mozilla/5.0 (Windows NT 10.0; Win64; x64) AppleWebKit/537.36 (KHTML, like Gecko) Chrome/111.0.0.0 Safari/537.36"
9,Heart of Sherwood,Edale Lane,Length: 13 hrs and 54 mins,"Mozilla/5.0 (Windows NT 10.0; Win64; x64) AppleWebKit/537.36 (KHTML, like Gecko) Chrome/111.0.0.0 Safari/537.36"
9,The Simple Six,Chris Cooper,Length: 3 hrs and 29 mins,"Mozilla/5.0 (Windows NT 10.0; Win64; x64) AppleWebKit/537.36 (KHTML, like Gecko) Chrome/111.0.0.0 Safari/537.36"
9,Never Lie,Freida McFadden,Length: 7 hrs and 22 mins,"Mozilla/5.0 (Windows NT 10.0; Win64; x64) AppleWebKit/537.36 (KHTML, like Gecko) Chrome/111.0.0.0 Safari/537.36"
9,Alt System,Tom Larcombe,Length: 13 hrs and 25 mins,"Mozilla/5.0 (Windows NT 10.0; Win64; x64) AppleWebKit/537.36 (KHTML, like Gecko) Chrome/111.0.0.0 Safari/537.36"
9,Lord Farleigh and Miss Frost,Sally Britton,Length: 6 hrs and 59 mins,"Mozilla/5.0 (Windows NT 10.0; Win64; x64) AppleWebKit/537.36 (KHTML, like Gecko) Chrome/111.0.0.0 Safari/537.36"
9,The Tangled Treasure Trail,Benedict Brown,Length: 8 hrs and 3 mins,"Mozilla/5.0 (Windows NT 10.0; Win64; x64) AppleWebKit/537.36 (KHTML, like Gecko) Chrome/111.0.0.0 Safari/537.36"
9,Lucky in Lace,Melissa Brayden,Length: 11 hrs and 2 mins,"Mozilla/5.0 (Windows NT 10.0; Win64; x64) AppleWebKit/537.36 (KHTML, like Gecko) Chrome/111.0.0.0 Safari/537.36"
9,Orbital Ascension,Igor Nikolic,Length: 7 hrs and 45 mins,"Mozilla/5.0 (Windows NT 10.0; Win64; x64) AppleWebKit/537.36 (KHTML, like Gecko) Chrome/111.0.0.0 Safari/537.36"
9,Stop Overthinking Your Relationship,"Alicia Muñoz LPC,Linda Carroll LMFT - foreword",Length: 7 hrs and 22 mins,"Mozilla/5.0 (Windows NT 10.0; Win64; x64) AppleWebKit/537.36 (KHTML, like Gecko) Chrome/111.0.0.0 Safari/537.36"
9,Happy Place,Emily Henry,Length: Not Yet Known,"Mozilla/5.0 (Windows NT 10.0; Win64; x64) AppleWebKit/537.36 (KHTML, like Gecko) Chrome/111.0.0.0 Safari/537.36"
9,The Hole We're In,Gabrielle Zevin,Length: 9 hrs and 2 mins,"Mozilla/5.0 (Windows NT 10.0; Win64; x64) AppleWebKit/537.36 (KHTML, like Gecko) Chrome/111.0.0.0 Safari/537.36"
9,A Contracted Spouse for the Prizefighter,Alice Coldbreath,Length: 15 hrs and 43 mins,"Mozilla/5.0 (Windows NT 10.0; Win64; x64) AppleWebKit/537.36 (KHTML, like Gecko) Chrome/111.0.0.0 Safari/537.36"
9,Heartless,Elsie Silver,Length: 9 hrs and 51 mins,"Mozilla/5.0 (Windows NT 10.0; Win64; x64) AppleWebKit/537.36 (KHTML, like Gecko) Chrome/111.0.0.0 Safari/537.36"
9,All of Me: The Complete Series,Siobhan Davis,Length: 36 hrs and 17 mins,"Mozilla/5.0 (Windows NT 10.0; Win64; x64) AppleWebKit/537.36 (KHTML, like Gecko) Chrome/111.0.0.0 Safari/537.36"
9,Trolled,Lindsay Buroker,Length: 9 hrs and 6 mins,"Mozilla/5.0 (Windows NT 10.0; Win64; x64) AppleWebKit/537.36 (KHTML, like Gecko) Chrome/111.0.0.0 Safari/537.36"
9,The End and the Death: Volume 1,Dan Abnett,Length: 18 hrs and 33 mins,"Mozilla/5.0 (Windows NT 10.0; Win64; x64) AppleWebKit/537.36 (KHTML, like Gecko) Chrome/111.0.0.0 Safari/537.36"
9,Monsters and How to Tame Them,Kevin Hart,Length: 5 hrs and 37 mins,"Mozilla/5.0 (Windows NT 10.0; Win64; x64) AppleWebKit/537.36 (KHTML, like Gecko) Chrome/111.0.0.0 Safari/537.36"
10,Delete the Adjective,Lisa Jaster,Length: 6 hrs and 2 mins,"Mozilla/5.0 (Windows NT 10.0; Win64; x64) AppleWebKit/537.36 (KHTML, like Gecko) Chrome/111.0.0.0 Safari/537.36"
10,The 6 Types of Working Genius,Patrick M. Lencioni,Length: 4 hrs and 11 mins,"Mozilla/5.0 (Windows NT 10.0; Win64; x64) AppleWebKit/537.36 (KHTML, like Gecko) Chrome/111.0.0.0 Safari/537.36"
10,Flowers for the Devil,Vlad Kahany,Length: 11 hrs and 28 mins,"Mozilla/5.0 (Windows NT 10.0; Win64; x64) AppleWebKit/537.36 (KHTML, like Gecko) Chrome/111.0.0.0 Safari/537.36"
10,Snow Leopard,"Category Pirates,Nicolas Cole,Christopher Lochhead,Eddie Yoon",Length: 7 hrs and 26 mins,"Mozilla/5.0 (Windows NT 10.0; Win64; x64) AppleWebKit/537.36 (KHTML, like Gecko) Chrome/111.0.0.0 Safari/537.36"
10,The Awe of God,John Bevere,Length: 7 hrs and 28 mins,"Mozilla/5.0 (Windows NT 10.0; Win64; x64) AppleWebKit/537.36 (KHTML, like Gecko) Chrome/111.0.0.0 Safari/537.36"
10,The Numbers,Nick Pirog,Length: 9 hrs and 32 mins,"Mozilla/5.0 (Windows NT 10.0; Win64; x64) AppleWebKit/537.36 (KHTML, like Gecko) Chrome/111.0.0.0 Safari/537.36"
10,You Don't Have to Carry It All,Paula Faris,Length: 6 hrs and 45 mins,"Mozilla/5.0 (Windows NT 10.0; Win64; x64) AppleWebKit/537.36 (KHTML, like Gecko) Chrome/111.0.0.0 Safari/537.36"
10,Outlive,"Peter Attia MD,Bill Gifford - contributor",Length: 17 hrs and 7 mins,"Mozilla/5.0 (Windows NT 10.0; Win64; x64) AppleWebKit/537.36 (KHTML, like Gecko) Chrome/111.0.0.0 Safari/537.36"
10,Forty Acres Deep,Michael Perry,Length: 3 hrs and 24 mins,"Mozilla/5.0 (Windows NT 10.0; Win64; x64) AppleWebKit/537.36 (KHTML, like Gecko) Chrome/111.0.0.0 Safari/537.36"
10,The Last Chance Cowboy,Jody Hedlund,Length: 11 hrs and 24 mins,"Mozilla/5.0 (Windows NT 10.0; Win64; x64) AppleWebKit/537.36 (KHTML, like Gecko) Chrome/111.0.0.0 Safari/537.36"
10,The Alpha Female Wolf,"Rick McIntyre,Jane Goodall - foreword",Length: 6 hrs and 40 mins,"Mozilla/5.0 (Windows NT 10.0; Win64; x64) AppleWebKit/537.36 (KHTML, like Gecko) Chrome/111.0.0.0 Safari/537.36"
10,The Auction,Maggie Cole,Length: 9 hrs and 54 mins,"Mozilla/5.0 (Windows NT 10.0; Win64; x64) AppleWebKit/537.36 (KHTML, like Gecko) Chrome/111.0.0.0 Safari/537.36"
10,Storm Watch,C. J. Box,Length: 9 hrs and 4 mins,"Mozilla/5.0 (Windows NT 10.0; Win64; x64) AppleWebKit/537.36 (KHTML, like Gecko) Chrome/111.0.0.0 Safari/537.36"
10,Drama Free,Nedra Glover Tawwab,Length: 7 hrs and 36 mins,"Mozilla/5.0 (Windows NT 10.0; Win64; x64) AppleWebKit/537.36 (KHTML, like Gecko) Chrome/111.0.0.0 Safari/537.36"
10,All Hallows,Christopher Golden,Length: 10 hrs and 46 mins,"Mozilla/5.0 (Windows NT 10.0; Win64; x64) AppleWebKit/537.36 (KHTML, like Gecko) Chrome/111.0.0.0 Safari/537.36"
10,Your Weight Is Not the Problem,Lyndi Cohen,Length: 9 hrs and 37 mins,"Mozilla/5.0 (Windows NT 10.0; Win64; x64) AppleWebKit/537.36 (KHTML, like Gecko) Chrome/111.0.0.0 Safari/537.36"
10,Fraser,Susan May Warren,Length: 8 hrs and 38 mins,"Mozilla/5.0 (Windows NT 10.0; Win64; x64) AppleWebKit/537.36 (KHTML, like Gecko) Chrome/111.0.0.0 Safari/537.36"
10,Her Final Breath,Carolyn Arnold,Length: 8 hrs and 42 mins,"Mozilla/5.0 (Windows NT 10.0; Win64; x64) AppleWebKit/537.36 (KHTML, like Gecko) Chrome/111.0.0.0 Safari/537.36"
10,A Court of Frost and Starlight (Dramatized Adaptation),Sarah J. Maas,Length: 5 hrs and 33 mins,"Mozilla/5.0 (Windows NT 10.0; Win64; x64) AppleWebKit/537.36 (KHTML, like Gecko) Chrome/111.0.0.0 Safari/537.36"
10,Lowcountry Getaway,Susan M. Boyer,Length: 4 hrs and 46 mins,"Mozilla/5.0 (Windows NT 10.0; Win64; x64) AppleWebKit/537.36 (KHTML, like Gecko) Chrome/111.0.0.0 Safari/537.36"
11,Wool,Hugh Howey,Length: 15 hrs,"Mozilla/5.0 (Windows NT 10.0; Win64; x64) AppleWebKit/537.36 (KHTML, like Gecko) Chrome/111.0.0.0 Safari/537.36"
11,Drive with Me To: California DMV Handbook,Driversland Driversland,Length: 4 hrs and 48 mins,"Mozilla/5.0 (Windows NT 10.0; Win64; x64) AppleWebKit/537.36 (KHTML, like Gecko) Chrome/111.0.0.0 Safari/537.36"
11,Lies of My Monster,Rina Kent,Length: 8 hrs and 20 mins,"Mozilla/5.0 (Windows NT 10.0; Win64; x64) AppleWebKit/537.36 (KHTML, like Gecko) Chrome/111.0.0.0 Safari/537.36"
11,What's Our Problem?,Tim Urban,Length: 13 hrs and 58 mins,"Mozilla/5.0 (Windows NT 10.0; Win64; x64) AppleWebKit/537.36 (KHTML, like Gecko) Chrome/111.0.0.0 Safari/537.36"
11,The Cloud Revolution,Mark P. Mills,Length: 17 hrs and 15 mins,"Mozilla/5.0 (Windows NT 10.0; Win64; x64) AppleWebKit/537.36 (KHTML, like Gecko) Chrome/111.0.0.0 Safari/537.36"
11,Holly,Stephen King,Length: 16 hrs,"Mozilla/5.0 (Windows NT 10.0; Win64; x64) AppleWebKit/537.36 (KHTML, like Gecko) Chrome/111.0.0.0 Safari/537.36"
11,Payback in Death,J. D. Robb,Length: 13 hrs,"Mozilla/5.0 (Windows NT 10.0; Win64; x64) AppleWebKit/537.36 (KHTML, like Gecko) Chrome/111.0.0.0 Safari/537.36"
11,Little Bird,Ria Wilde,Length: 6 hrs and 18 mins,"Mozilla/5.0 (Windows NT 10.0; Win64; x64) AppleWebKit/537.36 (KHTML, like Gecko) Chrome/111.0.0.0 Safari/537.36"
11,Children of Time,Adrian Tchaikovsky,Length: 16 hrs and 31 mins,"Mozilla/5.0 (Windows NT 10.0; Win64; x64) AppleWebKit/537.36 (KHTML, like Gecko) Chrome/111.0.0.0 Safari/537.36"
11,The Secret,Rhonda Byrne,Length: 4 hrs and 24 mins,"Mozilla/5.0 (Windows NT 10.0; Win64; x64) AppleWebKit/537.36 (KHTML, like Gecko) Chrome/111.0.0.0 Safari/537.36"
11,In the Frame,"Matthew Costello,Neil Richards",Length: 3 hrs and 10 mins,"Mozilla/5.0 (Windows NT 10.0; Win64; x64) AppleWebKit/537.36 (KHTML, like Gecko) Chrome/111.0.0.0 Safari/537.36"
11,BCBA Exam Study Prep Crash Course,Linda Cooper,Length: 6 hrs and 14 mins,"Mozilla/5.0 (Windows NT 10.0; Win64; x64) AppleWebKit/537.36 (KHTML, like Gecko) Chrome/111.0.0.0 Safari/537.36"
11,A Complete Guide to the Google Cloud Platform,Aaron C. Genova,Length: 1 hr and 5 mins,"Mozilla/5.0 (Windows NT 10.0; Win64; x64) AppleWebKit/537.36 (KHTML, like Gecko) Chrome/111.0.0.0 Safari/537.36"
11,You're That Bitch,Bretman Rock,Length: 6 hrs and 26 mins,"Mozilla/5.0 (Windows NT 10.0; Win64; x64) AppleWebKit/537.36 (KHTML, like Gecko) Chrome/111.0.0.0 Safari/537.36"
11,Smolder,Laurell K. Hamilton,Length: 11 hrs and 14 mins,"Mozilla/5.0 (Windows NT 10.0; Win64; x64) AppleWebKit/537.36 (KHTML, like Gecko) Chrome/111.0.0.0 Safari/537.36"
11,Tower of the Noobs,Ryan Rimmel,Length: 16 hrs and 40 mins,"Mozilla/5.0 (Windows NT 10.0; Win64; x64) AppleWebKit/537.36 (KHTML, like Gecko) Chrome/111.0.0.0 Safari/537.36"
11,Shadow's Seventh Step,A. F. Kay,Length: 15 hrs and 38 mins,"Mozilla/5.0 (Windows NT 10.0; Win64; x64) AppleWebKit/537.36 (KHTML, like Gecko) Chrome/111.0.0.0 Safari/537.36"
11,Glow,Raven Kennedy,Length: 22 hrs and 40 mins,"Mozilla/5.0 (Windows NT 10.0; Win64; x64) AppleWebKit/537.36 (KHTML, like Gecko) Chrome/111.0.0.0 Safari/537.36"
11,The Art of Embodiment for Men,GS Youngblood,Length: 5 hrs and 50 mins,"Mozilla/5.0 (Windows NT 10.0; Win64; x64) AppleWebKit/537.36 (KHTML, like Gecko) Chrome/111.0.0.0 Safari/537.36"
11,A Vow of Lust and Fury,LP Lovell,Length: 8 hrs and 1 min,"Mozilla/5.0 (Windows NT 10.0; Win64; x64) AppleWebKit/537.36 (KHTML, like Gecko) Chrome/111.0.0.0 Safari/537.36"
12,Ghostly Game,Christine Feehan,Length: 11 hrs and 15 mins,"Mozilla/5.0 (Windows NT 10.0; Win64; x64) AppleWebKit/537.36 (KHTML, like Gecko) Chrome/111.0.0.0 Safari/537.36"
12,Mistress of Mellyn,Victoria Holt,Length: 8 hrs and 49 mins,"Mozilla/5.0 (Windows NT 10.0; Win64; x64) AppleWebKit/537.36 (KHTML, like Gecko) Chrome/111.0.0.0 Safari/537.36"
12,Frank,Diane Seuss,Length: 3 hrs and 49 mins,"Mozilla/5.0 (Windows NT 10.0; Win64; x64) AppleWebKit/537.36 (KHTML, like Gecko) Chrome/111.0.0.0 Safari/537.36"
12,Unscripted,"James B. Stewart,Rachel Abrams",Length: 12 hrs and 23 mins,"Mozilla/5.0 (Windows NT 10.0; Win64; x64) AppleWebKit/537.36 (KHTML, like Gecko) Chrome/111.0.0.0 Safari/537.36"
12,Pen Pal,J.T. Geissinger,Length: 7 hrs and 54 mins,"Mozilla/5.0 (Windows NT 10.0; Win64; x64) AppleWebKit/537.36 (KHTML, like Gecko) Chrome/111.0.0.0 Safari/537.36"
12,Dungeons & Dragons: Honor Among Thieves: The Road to Neverwinter,Jaleigh Johnson,Length: 9 hrs and 18 mins,"Mozilla/5.0 (Windows NT 10.0; Win64; x64) AppleWebKit/537.36 (KHTML, like Gecko) Chrome/111.0.0.0 Safari/537.36"
12,The Housemaid's Secret,Freida McFadden,Length: 9 hrs and 44 mins,"Mozilla/5.0 (Windows NT 10.0; Win64; x64) AppleWebKit/537.36 (KHTML, like Gecko) Chrome/111.0.0.0 Safari/537.36"
12,Old Babes in the Wood,Margaret Atwood,Length: 8 hrs and 44 mins,"Mozilla/5.0 (Windows NT 10.0; Win64; x64) AppleWebKit/537.36 (KHTML, like Gecko) Chrome/111.0.0.0 Safari/537.36"
12,The Urgent Life,Bozoma Saint John,Length: 7 hrs and 56 mins,"Mozilla/5.0 (Windows NT 10.0; Win64; x64) AppleWebKit/537.36 (KHTML, like Gecko) Chrome/111.0.0.0 Safari/537.36"
12,The Light We Carry,Michelle Obama,Length: 9 hrs and 59 mins,"Mozilla/5.0 (Windows NT 10.0; Win64; x64) AppleWebKit/537.36 (KHTML, like Gecko) Chrome/111.0.0.0 Safari/537.36"
12,Haunting Adeline,H. D. Carlton,Length: 15 hrs and 44 mins,"Mozilla/5.0 (Windows NT 10.0; Win64; x64) AppleWebKit/537.36 (KHTML, like Gecko) Chrome/111.0.0.0 Safari/537.36"
12,Glucose Goddess Method,Jessie Inchauspe,Length: 3 hrs,"Mozilla/5.0 (Windows NT 10.0; Win64; x64) AppleWebKit/537.36 (KHTML, like Gecko) Chrome/111.0.0.0 Safari/537.36"
12,Magitech Chronicles Omnibus,Chris Fox,Length: 108 hrs and 51 mins,"Mozilla/5.0 (Windows NT 10.0; Win64; x64) AppleWebKit/537.36 (KHTML, like Gecko) Chrome/111.0.0.0 Safari/537.36"
12,For Blood and Money,Nathan Vardi,Length: 8 hrs and 33 mins,"Mozilla/5.0 (Windows NT 10.0; Win64; x64) AppleWebKit/537.36 (KHTML, like Gecko) Chrome/111.0.0.0 Safari/537.36"
12,The Time-Saving Mom,Crystal Paine,Length: 4 hrs and 44 mins,"Mozilla/5.0 (Windows NT 10.0; Win64; x64) AppleWebKit/537.36 (KHTML, like Gecko) Chrome/111.0.0.0 Safari/537.36"
12,Deadly Force,Massad Ayoob,Length: 10 hrs and 4 mins,"Mozilla/5.0 (Windows NT 10.0; Win64; x64) AppleWebKit/537.36 (KHTML, like Gecko) Chrome/111.0.0.0 Safari/537.36"
12,The Serpent and the Wings of Night,Carissa Broadbent,Length: 14 hrs and 50 mins,"Mozilla/5.0 (Windows NT 10.0; Win64; x64) AppleWebKit/537.36 (KHTML, like Gecko) Chrome/111.0.0.0 Safari/537.36"
12,Quantum Radio,A.G. Riddle,Length: 14 hrs and 59 mins,"Mozilla/5.0 (Windows NT 10.0; Win64; x64) AppleWebKit/537.36 (KHTML, like Gecko) Chrome/111.0.0.0 Safari/537.36"
12,Into the West,Mercedes Lackey,Length: 16 hrs and 56 mins,"Mozilla/5.0 (Windows NT 10.0; Win64; x64) AppleWebKit/537.36 (KHTML, like Gecko) Chrome/111.0.0.0 Safari/537.36"
12,Ravaged Throne,Nicole Fox,Length: 9 hrs and 53 mins,"Mozilla/5.0 (Windows NT 10.0; Win64; x64) AppleWebKit/537.36 (KHTML, like Gecko) Chrome/111.0.0.0 Safari/537.36"
13,The Great Gatsby,F. Scott Fitzgerald,Length: 4 hrs and 49 mins,"Mozilla/5.0 (Windows NT 10.0; Win64; x64) AppleWebKit/537.36 (KHTML, like Gecko) Chrome/111.0.0.0 Safari/537.36"
13,Good to Great,Jim Collins,Length: 10 hrs and 1 min,"Mozilla/5.0 (Windows NT 10.0; Win64; x64) AppleWebKit/537.36 (KHTML, like Gecko) Chrome/111.0.0.0 Safari/537.36"
13,The Intelligent Investor Rev Ed.,Benjamin Graham,Length: 17 hrs and 48 mins,"Mozilla/5.0 (Windows NT 10.0; Win64; x64) AppleWebKit/537.36 (KHTML, like Gecko) Chrome/111.0.0.0 Safari/537.36"
13,The Simple Path to Wealth,JL Collins,Length: 6 hrs and 38 mins,"Mozilla/5.0 (Windows NT 10.0; Win64; x64) AppleWebKit/537.36 (KHTML, like Gecko) Chrome/111.0.0.0 Safari/537.36"
13,Empire of the Summer Moon,S. C. Gwynne,Length: 15 hrs and 9 mins,"Mozilla/5.0 (Windows NT 10.0; Win64; x64) AppleWebKit/537.36 (KHTML, like Gecko) Chrome/111.0.0.0 Safari/537.36"
13,Problem Child,Heather Long,Length: 9 hrs and 19 mins,"Mozilla/5.0 (Windows NT 10.0; Win64; x64) AppleWebKit/537.36 (KHTML, like Gecko) Chrome/111.0.0.0 Safari/537.36"
13,Empty Theatre,Jac Jemc,Length: 12 hrs and 10 mins,"Mozilla/5.0 (Windows NT 10.0; Win64; x64) AppleWebKit/537.36 (KHTML, like Gecko) Chrome/111.0.0.0 Safari/537.36"
13,Confederacy of Fear,Blaine Pardoe,Length: 15 hrs and 15 mins,"Mozilla/5.0 (Windows NT 10.0; Win64; x64) AppleWebKit/537.36 (KHTML, like Gecko) Chrome/111.0.0.0 Safari/537.36"
13,Star Wars Jedi: Battle Scars,Sam Maggs,Length: 10 hrs and 28 mins,"Mozilla/5.0 (Windows NT 10.0; Win64; x64) AppleWebKit/537.36 (KHTML, like Gecko) Chrome/111.0.0.0 Safari/537.36"
13,Monroe Doctrine: Volume VI,"James Rosone,Miranda Watson",Length: 9 hrs and 54 mins,"Mozilla/5.0 (Windows NT 10.0; Win64; x64) AppleWebKit/537.36 (KHTML, like Gecko) Chrome/111.0.0.0 Safari/537.36"
13,You've Lost a Lot of Blood,Eric LaRocca,Length: 4 hrs,"Mozilla/5.0 (Windows NT 10.0; Win64; x64) AppleWebKit/537.36 (KHTML, like Gecko) Chrome/111.0.0.0 Safari/537.36"
13,The Seven Husbands of Evelyn Hugo,Taylor Jenkins Reid,Length: 12 hrs and 10 mins,"Mozilla/5.0 (Windows NT 10.0; Win64; x64) AppleWebKit/537.36 (KHTML, like Gecko) Chrome/111.0.0.0 Safari/537.36"
13,Sapiens,Yuval Noah Harari,Length: 15 hrs and 18 mins,"Mozilla/5.0 (Windows NT 10.0; Win64; x64) AppleWebKit/537.36 (KHTML, like Gecko) Chrome/111.0.0.0 Safari/537.36"
13,Start with Why,Simon Sinek,Length: 7 hrs and 18 mins,"Mozilla/5.0 (Windows NT 10.0; Win64; x64) AppleWebKit/537.36 (KHTML, like Gecko) Chrome/111.0.0.0 Safari/537.36"
13,The Song of Achilles,Madeline Miller,Length: 11 hrs and 15 mins,"Mozilla/5.0 (Windows NT 10.0; Win64; x64) AppleWebKit/537.36 (KHTML, like Gecko) Chrome/111.0.0.0 Safari/537.36"
13,"Boundaries, Updated and Expanded Edition","John Townsend,Henry Cloud",Length: 11 hrs and 18 mins,"Mozilla/5.0 (Windows NT 10.0; Win64; x64) AppleWebKit/537.36 (KHTML, like Gecko) Chrome/111.0.0.0 Safari/537.36"
13,The Devil in the White City,Erik Larson,Length: 14 hrs and 58 mins,"Mozilla/5.0 (Windows NT 10.0; Win64; x64) AppleWebKit/537.36 (KHTML, like Gecko) Chrome/111.0.0.0 Safari/537.36"
13,The Lightning Thief,Rick Riordan,Length: 10 hrs and 2 mins,"Mozilla/5.0 (Windows NT 10.0; Win64; x64) AppleWebKit/537.36 (KHTML, like Gecko) Chrome/111.0.0.0 Safari/537.36"
13,Empire of Storms,Sarah J. Maas,Length: 25 hrs and 18 mins,"Mozilla/5.0 (Windows NT 10.0; Win64; x64) AppleWebKit/537.36 (KHTML, like Gecko) Chrome/111.0.0.0 Safari/537.36"
13,We Are Legion (We Are Bob),Dennis E. Taylor,Length: 9 hrs and 56 mins,"Mozilla/5.0 (Windows NT 10.0; Win64; x64) AppleWebKit/537.36 (KHTML, like Gecko) Chrome/111.0.0.0 Safari/537.36"
14,Sapiens,Yuval Noah Harari,Length: 15 hrs and 18 mins,"Mozilla/5.0 (Windows NT 10.0; Win64; x64) AppleWebKit/537.36 (KHTML, like Gecko) Chrome/111.0.0.0 Safari/537.36"
14,Start with Why,Simon Sinek,Length: 7 hrs and 18 mins,"Mozilla/5.0 (Windows NT 10.0; Win64; x64) AppleWebKit/537.36 (KHTML, like Gecko) Chrome/111.0.0.0 Safari/537.36"
14,The Song of Achilles,Madeline Miller,Length: 11 hrs and 15 mins,"Mozilla/5.0 (Windows NT 10.0; Win64; x64) AppleWebKit/537.36 (KHTML, like Gecko) Chrome/111.0.0.0 Safari/537.36"
14,"Boundaries, Updated and Expanded Edition","John Townsend,Henry Cloud",Length: 11 hrs and 18 mins,"Mozilla/5.0 (Windows NT 10.0; Win64; x64) AppleWebKit/537.36 (KHTML, like Gecko) Chrome/111.0.0.0 Safari/537.36"
14,The Devil in the White City,Erik Larson,Length: 14 hrs and 58 mins,"Mozilla/5.0 (Windows NT 10.0; Win64; x64) AppleWebKit/537.36 (KHTML, like Gecko) Chrome/111.0.0.0 Safari/537.36"
14,Empire of Storms,Sarah J. Maas,Length: 25 hrs and 18 mins,"Mozilla/5.0 (Windows NT 10.0; Win64; x64) AppleWebKit/537.36 (KHTML, like Gecko) Chrome/111.0.0.0 Safari/537.36"
14,The Lightning Thief,Rick Riordan,Length: 10 hrs and 2 mins,"Mozilla/5.0 (Windows NT 10.0; Win64; x64) AppleWebKit/537.36 (KHTML, like Gecko) Chrome/111.0.0.0 Safari/537.36"
14,We Are Legion (We Are Bob),Dennis E. Taylor,Length: 9 hrs and 56 mins,"Mozilla/5.0 (Windows NT 10.0; Win64; x64) AppleWebKit/537.36 (KHTML, like Gecko) Chrome/111.0.0.0 Safari/537.36"
14,The Big Myth,"Naomi Oreskes,Erik M. Conway",Length: 21 hrs and 27 mins,"Mozilla/5.0 (Windows NT 10.0; Win64; x64) AppleWebKit/537.36 (KHTML, like Gecko) Chrome/111.0.0.0 Safari/537.36"
14,A Hacker's Mind,Bruce Schneier,Length: 8 hrs and 3 mins,"Mozilla/5.0 (Windows NT 10.0; Win64; x64) AppleWebKit/537.36 (KHTML, like Gecko) Chrome/111.0.0.0 Safari/537.36"
14,Icebreaker,Hannah Grace,Length: 13 hrs and 23 mins,"Mozilla/5.0 (Windows NT 10.0; Win64; x64) AppleWebKit/537.36 (KHTML, like Gecko) Chrome/111.0.0.0 Safari/537.36"
14,Down to a Science,Haley Cass,Length: 6 hrs and 9 mins,"Mozilla/5.0 (Windows NT 10.0; Win64; x64) AppleWebKit/537.36 (KHTML, like Gecko) Chrome/111.0.0.0 Safari/537.36"
14,Promise Me Always,A.L. Jackson,Length: 12 hrs and 37 mins,"Mozilla/5.0 (Windows NT 10.0; Win64; x64) AppleWebKit/537.36 (KHTML, like Gecko) Chrome/111.0.0.0 Safari/537.36"
14,The Surgeon,Leslie Wolfe,Length: 10 hrs and 46 mins,"Mozilla/5.0 (Windows NT 10.0; Win64; x64) AppleWebKit/537.36 (KHTML, like Gecko) Chrome/111.0.0.0 Safari/537.36"
14,It Didn't Start with You,Mark Wolynn,Length: 8 hrs and 16 mins,"Mozilla/5.0 (Windows NT 10.0; Win64; x64) AppleWebKit/537.36 (KHTML, like Gecko) Chrome/111.0.0.0 Safari/537.36"
14,Building a StoryBrand,Donald Miller,Length: 4 hrs and 56 mins,"Mozilla/5.0 (Windows NT 10.0; Win64; x64) AppleWebKit/537.36 (KHTML, like Gecko) Chrome/111.0.0.0 Safari/537.36"
14,When Swords Fall Silent,"Bryce O'Connor,David Dalglish,JA Andrews,Terry Mancour,Luke Chmilenko,M.L. Wang,Marie Brennan,Michael J Sullivan,Philip C. Quaintrell,RJ Barker,Andrew Rowe",Length: 15 hrs and 6 mins,"Mozilla/5.0 (Windows NT 10.0; Win64; x64) AppleWebKit/537.36 (KHTML, like Gecko) Chrome/111.0.0.0 Safari/537.36"
14,(Not) the One,Donna Alam,Length: 11 hrs and 40 mins,"Mozilla/5.0 (Windows NT 10.0; Win64; x64) AppleWebKit/537.36 (KHTML, like Gecko) Chrome/111.0.0.0 Safari/537.36"
14,The Last Party,Clare Mackintosh,Length: 13 hrs and 17 mins,"Mozilla/5.0 (Windows NT 10.0; Win64; x64) AppleWebKit/537.36 (KHTML, like Gecko) Chrome/111.0.0.0 Safari/537.36"
14,The Inmate,Freida McFadden,Length: 8 hrs and 5 mins,"Mozilla/5.0 (Windows NT 10.0; Win64; x64) AppleWebKit/537.36 (KHTML, like Gecko) Chrome/111.0.0.0 Safari/537.36"
15,The Return of the Gods,Jonathan Cahn,Length: 8 hrs and 34 mins,"Mozilla/5.0 (Windows NT 10.0; Win64; x64) AppleWebKit/537.36 (KHTML, like Gecko) Chrome/111.0.0.0 Safari/537.36"
15,The Cabinet of Dr. Leng,"Douglas Preston,Lincoln Child",Length: 14 hrs and 24 mins,"Mozilla/5.0 (Windows NT 10.0; Win64; x64) AppleWebKit/537.36 (KHTML, like Gecko) Chrome/111.0.0.0 Safari/537.36"
15,Walk the Blue Line,"James Patterson,Matt Eversmann,Chris Mooney",Length: 8 hrs and 17 mins,"Mozilla/5.0 (Windows NT 10.0; Win64; x64) AppleWebKit/537.36 (KHTML, like Gecko) Chrome/111.0.0.0 Safari/537.36"
15,The Lost Hero,Rick Riordan,Length: 16 hrs and 33 mins,"Mozilla/5.0 (Windows NT 10.0; Win64; x64) AppleWebKit/537.36 (KHTML, like Gecko) Chrome/111.0.0.0 Safari/537.36"
15,Slip Runner,"J.N. Chaney,M.F. Lerma",Length: 8 hrs and 18 mins,"Mozilla/5.0 (Windows NT 10.0; Win64; x64) AppleWebKit/537.36 (KHTML, like Gecko) Chrome/111.0.0.0 Safari/537.36"
15,The Levee,William Kent Krueger,Length: 3 hrs and 36 mins,"Mozilla/5.0 (Windows NT 10.0; Win64; x64) AppleWebKit/537.36 (KHTML, like Gecko) Chrome/111.0.0.0 Safari/537.36"
15,The House Witch 3,Delemhach,Length: 13 hrs and 1 min,"Mozilla/5.0 (Windows NT 10.0; Win64; x64) AppleWebKit/537.36 (KHTML, like Gecko) Chrome/111.0.0.0 Safari/537.36"
15,Beg for It,Alexis Winter,Length: 7 hrs and 32 mins,"Mozilla/5.0 (Windows NT 10.0; Win64; x64) AppleWebKit/537.36 (KHTML, like Gecko) Chrome/111.0.0.0 Safari/537.36"
15,The Alabaster Girl,Zan Perrion,Length: 18 hrs and 55 mins,"Mozilla/5.0 (Windows NT 10.0; Win64; x64) AppleWebKit/537.36 (KHTML, like Gecko) Chrome/111.0.0.0 Safari/537.36"
15,Certified Information Security Manager CISM Study Guide,Mike Chapple PhD CISM,Length: 19 hrs and 21 mins,"Mozilla/5.0 (Windows NT 10.0; Win64; x64) AppleWebKit/537.36 (KHTML, like Gecko) Chrome/111.0.0.0 Safari/537.36"
15,Brain Energy,Christopher M. Palmer MD,Length: 12 hrs and 18 mins,"Mozilla/5.0 (Windows NT 10.0; Win64; x64) AppleWebKit/537.36 (KHTML, like Gecko) Chrome/111.0.0.0 Safari/537.36"
15,Birnam Wood,Eleanor Catton,Length: 12 hrs and 47 mins,"Mozilla/5.0 (Windows NT 10.0; Win64; x64) AppleWebKit/537.36 (KHTML, like Gecko) Chrome/111.0.0.0 Safari/537.36"
15,Legends & Lattes,Travis Baldree,Length: 7 hrs and 19 mins,"Mozilla/5.0 (Windows NT 10.0; Win64; x64) AppleWebKit/537.36 (KHTML, like Gecko) Chrome/111.0.0.0 Safari/537.36"
15,Lassiter,J.R. Ward,Length: 15 hrs,"Mozilla/5.0 (Windows NT 10.0; Win64; x64) AppleWebKit/537.36 (KHTML, like Gecko) Chrome/111.0.0.0 Safari/537.36"
15,Fast Like a Girl,Dr. Mindy Pelz,Length: 8 hrs and 13 mins,"Mozilla/5.0 (Windows NT 10.0; Win64; x64) AppleWebKit/537.36 (KHTML, like Gecko) Chrome/111.0.0.0 Safari/537.36"
15,The Betrayal Bind,Michelle Mays LPC CSAT-S,Length: 10 hrs and 25 mins,"Mozilla/5.0 (Windows NT 10.0; Win64; x64) AppleWebKit/537.36 (KHTML, like Gecko) Chrome/111.0.0.0 Safari/537.36"
15,The Answer to Anxiety,Joyce Meyer,Length: 3 hrs,"Mozilla/5.0 (Windows NT 10.0; Win64; x64) AppleWebKit/537.36 (KHTML, like Gecko) Chrome/111.0.0.0 Safari/537.36"
15,We Are Electric,Sally Adee,Length: 10 hrs and 22 mins,"Mozilla/5.0 (Windows NT 10.0; Win64; x64) AppleWebKit/537.36 (KHTML, like Gecko) Chrome/111.0.0.0 Safari/537.36"
15,Death's Cathedral,"Ian Fortey,Ron Ripley",Length: 7 hrs and 26 mins,"Mozilla/5.0 (Windows NT 10.0; Win64; x64) AppleWebKit/537.36 (KHTML, like Gecko) Chrome/111.0.0.0 Safari/537.36"
15,Into the Headwinds,"Terryl Givens,Nathaniel Givens",Length: 3 hrs and 41 mins,"Mozilla/5.0 (Windows NT 10.0; Win64; x64) AppleWebKit/537.36 (KHTML, like Gecko) Chrome/111.0.0.0 Safari/537.36"
16,How Far Do You Want to Go?,John Catsimatidis,Length: 8 hrs and 7 mins,"Mozilla/5.0 (Windows NT 10.0; Win64; x64) AppleWebKit/537.36 (KHTML, like Gecko) Chrome/111.0.0.0 Safari/537.36"
16,The Emotional Lives of Teenagers,Lisa Damour Ph.D.,Length: 6 hrs and 15 mins,"Mozilla/5.0 (Windows NT 10.0; Win64; x64) AppleWebKit/537.36 (KHTML, like Gecko) Chrome/111.0.0.0 Safari/537.36"
16,A Score to Settle,"Matthew Costello,Neil Richards",Length: 3 hrs and 18 mins,"Mozilla/5.0 (Windows NT 10.0; Win64; x64) AppleWebKit/537.36 (KHTML, like Gecko) Chrome/111.0.0.0 Safari/537.36"
16,Fairy Cakes in Winter,Lane Hayes,Length: 4 hrs and 32 mins,"Mozilla/5.0 (Windows NT 10.0; Win64; x64) AppleWebKit/537.36 (KHTML, like Gecko) Chrome/111.0.0.0 Safari/537.36"
16,Dempsey,"Brian Andrews,Jeffrey Wilson",Length: 12 hrs and 14 mins,"Mozilla/5.0 (Windows NT 10.0; Win64; x64) AppleWebKit/537.36 (KHTML, like Gecko) Chrome/111.0.0.0 Safari/537.36"
16,Rowan,"Robin D. Mahle,Elle Madison",Length: 32 hrs and 40 mins,"Mozilla/5.0 (Windows NT 10.0; Win64; x64) AppleWebKit/537.36 (KHTML, like Gecko) Chrome/111.0.0.0 Safari/537.36"
16,Dragons & Damsels,"Marvin Knight,Misty Vixen,Deacon Frost,Virgil Knightley,Michael Dalton,Dan Raxor,Garrett Carter,Jack Bryce,Chase Danger,Stoham Baginbott",Length: 30 hrs and 18 mins,"Mozilla/5.0 (Windows NT 10.0; Win64; x64) AppleWebKit/537.36 (KHTML, like Gecko) Chrome/111.0.0.0 Safari/537.36"
16,Monroe Doctrine: Volume VI,"James Rosone,Miranda Watson",Length: 9 hrs and 54 mins,"Mozilla/5.0 (Windows NT 10.0; Win64; x64) AppleWebKit/537.36 (KHTML, like Gecko) Chrome/111.0.0.0 Safari/537.36"
16,Paris,Paris Hilton,Length: 8 hrs and 22 mins,"Mozilla/5.0 (Windows NT 10.0; Win64; x64) AppleWebKit/537.36 (KHTML, like Gecko) Chrome/111.0.0.0 Safari/537.36"
16,Murder Book,Thomas Perry,Length: 11 hrs and 35 mins,"Mozilla/5.0 (Windows NT 10.0; Win64; x64) AppleWebKit/537.36 (KHTML, like Gecko) Chrome/111.0.0.0 Safari/537.36"
16,The Doctor's Wife,Daniel Hurst,Length: 7 hrs and 20 mins,"Mozilla/5.0 (Windows NT 10.0; Win64; x64) AppleWebKit/537.36 (KHTML, like Gecko) Chrome/111.0.0.0 Safari/537.36"
16,The Bloodstone Brooch,Katherine Lowry Logan,Length: 30 hrs and 50 mins,"Mozilla/5.0 (Windows NT 10.0; Win64; x64) AppleWebKit/537.36 (KHTML, like Gecko) Chrome/111.0.0.0 Safari/537.36"
16,The Silence of Unworthy Gods,Andrew Rowe,Length: 20 hrs and 43 mins,"Mozilla/5.0 (Windows NT 10.0; Win64; x64) AppleWebKit/537.36 (KHTML, like Gecko) Chrome/111.0.0.0 Safari/537.36"
16,Mark of the Fool,J.M. Clarke,Length: 19 hrs,"Mozilla/5.0 (Windows NT 10.0; Win64; x64) AppleWebKit/537.36 (KHTML, like Gecko) Chrome/111.0.0.0 Safari/537.36"
16,The Whole-Brain Child,"Daniel J. Siegel,Tina Payne Bryson",Length: 6 hrs and 14 mins,"Mozilla/5.0 (Windows NT 10.0; Win64; x64) AppleWebKit/537.36 (KHTML, like Gecko) Chrome/111.0.0.0 Safari/537.36"
16,Arcane Knight,Timothy McGowen,Length: 20 hrs and 6 mins,"Mozilla/5.0 (Windows NT 10.0; Win64; x64) AppleWebKit/537.36 (KHTML, like Gecko) Chrome/111.0.0.0 Safari/537.36"
16,The Umpire Is Out,"Dale Scott,Rob Neyer - contributor,Billy Bean - foreword",Length: 10 hrs and 15 mins,"Mozilla/5.0 (Windows NT 10.0; Win64; x64) AppleWebKit/537.36 (KHTML, like Gecko) Chrome/111.0.0.0 Safari/537.36"
16,The London Séance Society,Sarah Penner,Length: 9 hrs and 59 mins,"Mozilla/5.0 (Windows NT 10.0; Win64; x64) AppleWebKit/537.36 (KHTML, like Gecko) Chrome/111.0.0.0 Safari/537.36"
16,Extreme Ownership,"Jocko Willink,Leif Babin",Length: 9 hrs and 33 mins,"Mozilla/5.0 (Windows NT 10.0; Win64; x64) AppleWebKit/537.36 (KHTML, like Gecko) Chrome/111.0.0.0 Safari/537.36"
16,The Nightingale,Kristin Hannah,Length: 17 hrs and 19 mins,"Mozilla/5.0 (Windows NT 10.0; Win64; x64) AppleWebKit/537.36 (KHTML, like Gecko) Chrome/111.0.0.0 Safari/537.36"
17,The Witching Hour,Anne Rice,Length: 50 hrs and 1 min,"Mozilla/5.0 (Windows NT 10.0; Win64; x64) AppleWebKit/537.36 (KHTML, like Gecko) Chrome/111.0.0.0 Safari/537.36"
17,Born a Crime,Trevor Noah,Length: 8 hrs and 44 mins,"Mozilla/5.0 (Windows NT 10.0; Win64; x64) AppleWebKit/537.36 (KHTML, like Gecko) Chrome/111.0.0.0 Safari/537.36"
17,"The 4-Hour Workweek: Escape 9-5, Live Anywhere, and Join the New Rich (Expanded and Updated)",Timothy Ferriss,Length: 13 hrs and 1 min,"Mozilla/5.0 (Windows NT 10.0; Win64; x64) AppleWebKit/537.36 (KHTML, like Gecko) Chrome/111.0.0.0 Safari/537.36"
17,The Obesity Code,Dr. Jason Fung,Length: 10 hrs and 9 mins,"Mozilla/5.0 (Windows NT 10.0; Win64; x64) AppleWebKit/537.36 (KHTML, like Gecko) Chrome/111.0.0.0 Safari/537.36"
17,A Short History of Nearly Everything,Bill Bryson,Length: 18 hrs and 13 mins,"Mozilla/5.0 (Windows NT 10.0; Win64; x64) AppleWebKit/537.36 (KHTML, like Gecko) Chrome/111.0.0.0 Safari/537.36"
17,Fahrenheit 451,Ray Bradbury,Length: 5 hrs and 1 min,"Mozilla/5.0 (Windows NT 10.0; Win64; x64) AppleWebKit/537.36 (KHTML, like Gecko) Chrome/111.0.0.0 Safari/537.36"
17,A Gentleman in Moscow,Amor Towles,Length: 17 hrs and 52 mins,"Mozilla/5.0 (Windows NT 10.0; Win64; x64) AppleWebKit/537.36 (KHTML, like Gecko) Chrome/111.0.0.0 Safari/537.36"
17,Your Consent Is Not Required,Rob Wipond,Length: 13 hrs and 32 mins,"Mozilla/5.0 (Windows NT 10.0; Win64; x64) AppleWebKit/537.36 (KHTML, like Gecko) Chrome/111.0.0.0 Safari/537.36"
17,The Essays of Warren Buffett,"Lawrence A. Cunningham,Warren E. Buffett",Length: 15 hrs and 32 mins,"Mozilla/5.0 (Windows NT 10.0; Win64; x64) AppleWebKit/537.36 (KHTML, like Gecko) Chrome/111.0.0.0 Safari/537.36"
17,Pineapple Street,Jenny Jackson,Length: 8 hrs and 32 mins,"Mozilla/5.0 (Windows NT 10.0; Win64; x64) AppleWebKit/537.36 (KHTML, like Gecko) Chrome/111.0.0.0 Safari/537.36"
17,How to Win Friends & Influence People,Dale Carnegie,Length: 7 hrs and 15 mins,"Mozilla/5.0 (Windows NT 10.0; Win64; x64) AppleWebKit/537.36 (KHTML, like Gecko) Chrome/111.0.0.0 Safari/537.36"
17,Never Split the Difference,Chris Voss,Length: 8 hrs and 7 mins,"Mozilla/5.0 (Windows NT 10.0; Win64; x64) AppleWebKit/537.36 (KHTML, like Gecko) Chrome/111.0.0.0 Safari/537.36"
17,Think and Grow Rich,Napoleon Hill,Length: 9 hrs and 35 mins,"Mozilla/5.0 (Windows NT 10.0; Win64; x64) AppleWebKit/537.36 (KHTML, like Gecko) Chrome/111.0.0.0 Safari/537.36"
17,Dune,Frank Herbert,Length: 21 hrs and 2 mins,"Mozilla/5.0 (Windows NT 10.0; Win64; x64) AppleWebKit/537.36 (KHTML, like Gecko) Chrome/111.0.0.0 Safari/537.36"
17,A Dance with Dragons,George R.R. Martin,Length: 48 hrs and 55 mins,"Mozilla/5.0 (Windows NT 10.0; Win64; x64) AppleWebKit/537.36 (KHTML, like Gecko) Chrome/111.0.0.0 Safari/537.36"
17,The Total Money Makeover,Dave Ramsey,Length: 3 hrs and 41 mins,"Mozilla/5.0 (Windows NT 10.0; Win64; x64) AppleWebKit/537.36 (KHTML, like Gecko) Chrome/111.0.0.0 Safari/537.36"
17,Ready Player One,Ernest Cline,Length: 15 hrs and 40 mins,"Mozilla/5.0 (Windows NT 10.0; Win64; x64) AppleWebKit/537.36 (KHTML, like Gecko) Chrome/111.0.0.0 Safari/537.36"
17,Standing Dead,Margaret Mizushima,Length: 9 hrs and 38 mins,"Mozilla/5.0 (Windows NT 10.0; Win64; x64) AppleWebKit/537.36 (KHTML, like Gecko) Chrome/111.0.0.0 Safari/537.36"
17,Aprende Inglés Mientras Duermes [Learn English While You Sleep],Sleeping Learning Audio,Length: 25 hrs and 55 mins,"Mozilla/5.0 (Windows NT 10.0; Win64; x64) AppleWebKit/537.36 (KHTML, like Gecko) Chrome/111.0.0.0 Safari/537.36"
17,Archer's Voice,Mia Sheridan,Length: 11 hrs and 7 mins,"Mozilla/5.0 (Windows NT 10.0; Win64; x64) AppleWebKit/537.36 (KHTML, like Gecko) Chrome/111.0.0.0 Safari/537.36"
18,Hell Divers X: Fallout,Nicholas Sansbury Smith,Length: 12 hrs and 58 mins,"Mozilla/5.0 (Windows NT 10.0; Win64; x64) AppleWebKit/537.36 (KHTML, like Gecko) Chrome/111.0.0.0 Safari/537.36"
18,"A sus órdenes, mi general [At Your Command, My General]",J. Jesús Esquivel,Length: 4 hrs and 45 mins,"Mozilla/5.0 (Windows NT 10.0; Win64; x64) AppleWebKit/537.36 (KHTML, like Gecko) Chrome/111.0.0.0 Safari/537.36"
18,"I, Human",Tomas Chamorro-Premuzic,Length: 4 hrs and 56 mins,"Mozilla/5.0 (Windows NT 10.0; Win64; x64) AppleWebKit/537.36 (KHTML, like Gecko) Chrome/111.0.0.0 Safari/537.36"
18,Scattered Minds,Gabor Maté MD,Length: 10 hrs and 59 mins,"Mozilla/5.0 (Windows NT 10.0; Win64; x64) AppleWebKit/537.36 (KHTML, like Gecko) Chrome/111.0.0.0 Safari/537.36"
18,Killers of the Flower Moon,David Grann,Length: 9 hrs and 4 mins,"Mozilla/5.0 (Windows NT 10.0; Win64; x64) AppleWebKit/537.36 (KHTML, like Gecko) Chrome/111.0.0.0 Safari/537.36"
18,As a Man Thinketh,James Allen,Length: 55 mins,"Mozilla/5.0 (Windows NT 10.0; Win64; x64) AppleWebKit/537.36 (KHTML, like Gecko) Chrome/111.0.0.0 Safari/537.36"
18,The Magic of Thinking Big,David Schwartz,Length: 9 hrs and 31 mins,"Mozilla/5.0 (Windows NT 10.0; Win64; x64) AppleWebKit/537.36 (KHTML, like Gecko) Chrome/111.0.0.0 Safari/537.36"
18,World War Z: The Complete Edition,Max Brooks,Length: 12 hrs and 9 mins,"Mozilla/5.0 (Windows NT 10.0; Win64; x64) AppleWebKit/537.36 (KHTML, like Gecko) Chrome/111.0.0.0 Safari/537.36"
18,In Order to Live,Yeonmi Park,Length: 9 hrs and 37 mins,"Mozilla/5.0 (Windows NT 10.0; Win64; x64) AppleWebKit/537.36 (KHTML, like Gecko) Chrome/111.0.0.0 Safari/537.36"
18,Dark Alliance Turbulent Waters,I. T. Lucas,Length: 8 hrs and 21 mins,"Mozilla/5.0 (Windows NT 10.0; Win64; x64) AppleWebKit/537.36 (KHTML, like Gecko) Chrome/111.0.0.0 Safari/537.36"
18,Super Sales on Super Heroes 4,William D. Arand,Length: 12 hrs and 43 mins,"Mozilla/5.0 (Windows NT 10.0; Win64; x64) AppleWebKit/537.36 (KHTML, like Gecko) Chrome/111.0.0.0 Safari/537.36"
18,Hold Me Close,Siobhan Davis,Length: 3 hrs and 45 mins,"Mozilla/5.0 (Windows NT 10.0; Win64; x64) AppleWebKit/537.36 (KHTML, like Gecko) Chrome/111.0.0.0 Safari/537.36"
18,A Feast for Crows,George R.R. Martin,Length: 33 hrs and 51 mins,"Mozilla/5.0 (Windows NT 10.0; Win64; x64) AppleWebKit/537.36 (KHTML, like Gecko) Chrome/111.0.0.0 Safari/537.36"
18,Urchin,Mark Goodwin,Length: 8 hrs and 14 mins,"Mozilla/5.0 (Windows NT 10.0; Win64; x64) AppleWebKit/537.36 (KHTML, like Gecko) Chrome/111.0.0.0 Safari/537.36"
18,Raising Healthy Teenagers,Thomas Kersting,Length: 4 hrs and 58 mins,"Mozilla/5.0 (Windows NT 10.0; Win64; x64) AppleWebKit/537.36 (KHTML, like Gecko) Chrome/111.0.0.0 Safari/537.36"
18,I Am Debra Lee,Debra Lee,Length: 9 hrs and 8 mins,"Mozilla/5.0 (Windows NT 10.0; Win64; x64) AppleWebKit/537.36 (KHTML, like Gecko) Chrome/111.0.0.0 Safari/537.36"
18,The Power to Change,Craig Groeschel,Length: 5 hrs and 42 mins,"Mozilla/5.0 (Windows NT 10.0; Win64; x64) AppleWebKit/537.36 (KHTML, like Gecko) Chrome/111.0.0.0 Safari/537.36"
18,Codependent No More,Melody Beattie,Length: 8 hrs and 42 mins,"Mozilla/5.0 (Windows NT 10.0; Win64; x64) AppleWebKit/537.36 (KHTML, like Gecko) Chrome/111.0.0.0 Safari/537.36"
18,Principles,Ray Dalio,Length: 16 hrs and 5 mins,"Mozilla/5.0 (Windows NT 10.0; Win64; x64) AppleWebKit/537.36 (KHTML, like Gecko) Chrome/111.0.0.0 Safari/537.36"
18,A New Earth,Eckhart Tolle,Length: 9 hrs and 12 mins,"Mozilla/5.0 (Windows NT 10.0; Win64; x64) AppleWebKit/537.36 (KHTML, like Gecko) Chrome/111.0.0.0 Safari/537.36"
19,The 5 Second Rule,Mel Robbins,Length: 7 hrs and 35 mins,"Mozilla/5.0 (Windows NT 10.0; Win64; x64) AppleWebKit/537.36 (KHTML, like Gecko) Chrome/111.0.0.0 Safari/537.36"
19,Jasper Vale,Devney Perry,Length: 9 hrs and 53 mins,"Mozilla/5.0 (Windows NT 10.0; Win64; x64) AppleWebKit/537.36 (KHTML, like Gecko) Chrome/111.0.0.0 Safari/537.36"
19,Dismount,Lucia Franco,Length: 13 hrs and 24 mins,"Mozilla/5.0 (Windows NT 10.0; Win64; x64) AppleWebKit/537.36 (KHTML, like Gecko) Chrome/111.0.0.0 Safari/537.36"
19,Run on Red,Noelle West Ihli,Length: 7 hrs and 28 mins,"Mozilla/5.0 (Windows NT 10.0; Win64; x64) AppleWebKit/537.36 (KHTML, like Gecko) Chrome/111.0.0.0 Safari/537.36"
19,Psycho Beasts,Jasmine Mas,Length: 15 hrs and 15 mins,"Mozilla/5.0 (Windows NT 10.0; Win64; x64) AppleWebKit/537.36 (KHTML, like Gecko) Chrome/111.0.0.0 Safari/537.36"
19,Luca,Grey Huffington,Length: 10 hrs and 39 mins,"Mozilla/5.0 (Windows NT 10.0; Win64; x64) AppleWebKit/537.36 (KHTML, like Gecko) Chrome/111.0.0.0 Safari/537.36"
19,Boomer,Marie James,Length: 6 hrs and 42 mins,"Mozilla/5.0 (Windows NT 10.0; Win64; x64) AppleWebKit/537.36 (KHTML, like Gecko) Chrome/111.0.0.0 Safari/537.36"
19,The Red Pyramid,Rick Riordan,Length: 14 hrs and 33 mins,"Mozilla/5.0 (Windows NT 10.0; Win64; x64) AppleWebKit/537.36 (KHTML, like Gecko) Chrome/111.0.0.0 Safari/537.36"
19,The Courage to Be Free,Ron DeSantis,Length: 8 hrs and 59 mins,"Mozilla/5.0 (Windows NT 10.0; Win64; x64) AppleWebKit/537.36 (KHTML, like Gecko) Chrome/111.0.0.0 Safari/537.36"
19,Hell Bent,Leigh Bardugo,Length: 16 hrs and 16 mins,"Mozilla/5.0 (Windows NT 10.0; Win64; x64) AppleWebKit/537.36 (KHTML, like Gecko) Chrome/111.0.0.0 Safari/537.36"
19,From Source to Sold,"Radu Palamariu,Knut Alicke",Length: 7 hrs and 20 mins,"Mozilla/5.0 (Windows NT 10.0; Win64; x64) AppleWebKit/537.36 (KHTML, like Gecko) Chrome/111.0.0.0 Safari/537.36"
19,Smoky Darling,S.J. Tilly,Length: 11 hrs and 5 mins,"Mozilla/5.0 (Windows NT 10.0; Win64; x64) AppleWebKit/537.36 (KHTML, like Gecko) Chrome/111.0.0.0 Safari/537.36"
19,Purity,Skyler Mason,Length: 6 hrs and 30 mins,"Mozilla/5.0 (Windows NT 10.0; Win64; x64) AppleWebKit/537.36 (KHTML, like Gecko) Chrome/111.0.0.0 Safari/537.36"
19,The Spirit of Harriet Tubman,Spring Washam,Length: 6 hrs and 26 mins,"Mozilla/5.0 (Windows NT 10.0; Win64; x64) AppleWebKit/537.36 (KHTML, like Gecko) Chrome/111.0.0.0 Safari/537.36"
19,Simply Lies,David Baldacci,Length: 11 hrs and 45 mins,"Mozilla/5.0 (Windows NT 10.0; Win64; x64) AppleWebKit/537.36 (KHTML, like Gecko) Chrome/111.0.0.0 Safari/537.36"
19,Parenting,"Andy Stanley,Sandra Stanley",Length: 5 hrs and 7 mins,"Mozilla/5.0 (Windows NT 10.0; Win64; x64) AppleWebKit/537.36 (KHTML, like Gecko) Chrome/111.0.0.0 Safari/537.36"
19,Tragic Bonds,J Bree,Length: 10 hrs and 4 mins,"Mozilla/5.0 (Windows NT 10.0; Win64; x64) AppleWebKit/537.36 (KHTML, like Gecko) Chrome/111.0.0.0 Safari/537.36"
19,The Last Orphan,Gregg Hurwitz,Length: 11 hrs and 46 mins,"Mozilla/5.0 (Windows NT 10.0; Win64; x64) AppleWebKit/537.36 (KHTML, like Gecko) Chrome/111.0.0.0 Safari/537.36"
19,Positive Affirmations for Black Men,Alexandra Adams,Length: 5 hrs and 30 mins,"Mozilla/5.0 (Windows NT 10.0; Win64; x64) AppleWebKit/537.36 (KHTML, like Gecko) Chrome/111.0.0.0 Safari/537.36"
19,Dragon's Mage,"James Haddock,Gus James",Length: 6 hrs and 22 mins,"Mozilla/5.0 (Windows NT 10.0; Win64; x64) AppleWebKit/537.36 (KHTML, like Gecko) Chrome/111.0.0.0 Safari/537.36"
20,An Unwelcome Journey,James E. Wisher,Length: 6 hrs and 14 mins,"Mozilla/5.0 (Windows NT 10.0; Win64; x64) AppleWebKit/537.36 (KHTML, like Gecko) Chrome/111.0.0.0 Safari/537.36"
20,Firefly: Coup de Grâce,Una McCormack,Length: 11 hrs,"Mozilla/5.0 (Windows NT 10.0; Win64; x64) AppleWebKit/537.36 (KHTML, like Gecko) Chrome/111.0.0.0 Safari/537.36"
20,The House at the End of the World,Dean Koontz,Length: 10 hrs and 22 mins,"Mozilla/5.0 (Windows NT 10.0; Win64; x64) AppleWebKit/537.36 (KHTML, like Gecko) Chrome/111.0.0.0 Safari/537.36"
20,The Prince Goes Nuclear,Matthew Howry,Length: 11 hrs and 52 mins,"Mozilla/5.0 (Windows NT 10.0; Win64; x64) AppleWebKit/537.36 (KHTML, like Gecko) Chrome/111.0.0.0 Safari/537.36"
20,The Eidolon,K.D. Edwards,Length: 6 hrs and 49 mins,"Mozilla/5.0 (Windows NT 10.0; Win64; x64) AppleWebKit/537.36 (KHTML, like Gecko) Chrome/111.0.0.0 Safari/537.36"
20,What Lies in the Woods,Kate Alice Marshall,Length: 11 hrs and 16 mins,"Mozilla/5.0 (Windows NT 10.0; Win64; x64) AppleWebKit/537.36 (KHTML, like Gecko) Chrome/111.0.0.0 Safari/537.36"
20,Flawless,Elsie Silver,Length: 9 hrs and 44 mins,"Mozilla/5.0 (Windows NT 10.0; Win64; x64) AppleWebKit/537.36 (KHTML, like Gecko) Chrome/111.0.0.0 Safari/537.36"
20,Red Dragon,Thomas Harris,Length: 12 hrs and 6 mins,"Mozilla/5.0 (Windows NT 10.0; Win64; x64) AppleWebKit/537.36 (KHTML, like Gecko) Chrome/111.0.0.0 Safari/537.36"
20,Rabbit,"Patricia Williams,Jeannine Amber",Length: 7 hrs and 23 mins,"Mozilla/5.0 (Windows NT 10.0; Win64; x64) AppleWebKit/537.36 (KHTML, like Gecko) Chrome/111.0.0.0 Safari/537.36"
20,Will I Ever Be Good Enough?,Karyl McBride,Length: 7 hrs and 25 mins,"Mozilla/5.0 (Windows NT 10.0; Win64; x64) AppleWebKit/537.36 (KHTML, like Gecko) Chrome/111.0.0.0 Safari/537.36"
20,Red Mars,Kim Stanley Robinson,Length: 23 hrs and 51 mins,"Mozilla/5.0 (Windows NT 10.0; Win64; x64) AppleWebKit/537.36 (KHTML, like Gecko) Chrome/111.0.0.0 Safari/537.36"
20,Into the Abyss,Carol Shaben,Length: 10 hrs and 1 min,"Mozilla/5.0 (Windows NT 10.0; Win64; x64) AppleWebKit/537.36 (KHTML, like Gecko) Chrome/111.0.0.0 Safari/537.36"
20,Fried Green Tomatoes at the Whistle Stop Cafe,Fannie Flagg,Length: 11 hrs and 27 mins,"Mozilla/5.0 (Windows NT 10.0; Win64; x64) AppleWebKit/537.36 (KHTML, like Gecko) Chrome/111.0.0.0 Safari/537.36"
20,The Big Picture,Sean Carroll,Length: 17 hrs and 22 mins,"Mozilla/5.0 (Windows NT 10.0; Win64; x64) AppleWebKit/537.36 (KHTML, like Gecko) Chrome/111.0.0.0 Safari/537.36"
20,"Hartman's Nursing Assistant Care: The Basics, 6th Edition","Jetta Fuzy MS RN,Hartman Publishing Inc.",Length: 17 hrs and 25 mins,"Mozilla/5.0 (Windows NT 10.0; Win64; x64) AppleWebKit/537.36 (KHTML, like Gecko) Chrome/111.0.0.0 Safari/537.36"
20,The Jeffersonians,Kevin R. C. Gutzman,Length: 25 hrs and 45 mins,"Mozilla/5.0 (Windows NT 10.0; Win64; x64) AppleWebKit/537.36 (KHTML, like Gecko) Chrome/111.0.0.0 Safari/537.36"
20,The Time Machine,H. G. Wells,Length: 3 hrs and 22 mins,"Mozilla/5.0 (Windows NT 10.0; Win64; x64) AppleWebKit/537.36 (KHTML, like Gecko) Chrome/111.0.0.0 Safari/537.36"
20,Sprint,"Jake Knapp,John Zeratsky,Braden Kowitz",Length: 6 hrs and 10 mins,"Mozilla/5.0 (Windows NT 10.0; Win64; x64) AppleWebKit/537.36 (KHTML, like Gecko) Chrome/111.0.0.0 Safari/537.36"
20,Outliers,Malcolm Gladwell,Length: 7 hrs and 18 mins,"Mozilla/5.0 (Windows NT 10.0; Win64; x64) AppleWebKit/537.36 (KHTML, like Gecko) Chrome/111.0.0.0 Safari/537.36"
20,Demon Blade,R. L. King,Length: 16 hrs and 9 mins,"Mozilla/5.0 (Windows NT 10.0; Win64; x64) AppleWebKit/537.36 (KHTML, like Gecko) Chrome/111.0.0.0 Safari/537.36"
21,Your Place or Mine?,Portia MacIntosh,Length: 7 hrs and 43 mins,"Mozilla/5.0 (Windows NT 10.0; Win64; x64) AppleWebKit/537.36 (KHTML, like Gecko) Chrome/111.0.0.0 Safari/537.36"
21,Twisted,Emily McIntire,Length: 10 hrs and 44 mins,"Mozilla/5.0 (Windows NT 10.0; Win64; x64) AppleWebKit/537.36 (KHTML, like Gecko) Chrome/111.0.0.0 Safari/537.36"
21,Blind Spot,Jon Clifton,Length: 6 hrs and 12 mins,"Mozilla/5.0 (Windows NT 10.0; Win64; x64) AppleWebKit/537.36 (KHTML, like Gecko) Chrome/111.0.0.0 Safari/537.36"
21,Found Object,Anne Frasier,Length: 8 hrs and 40 mins,"Mozilla/5.0 (Windows NT 10.0; Win64; x64) AppleWebKit/537.36 (KHTML, like Gecko) Chrome/111.0.0.0 Safari/537.36"
21,Carnage,Sarah Bailey,Length: 9 hrs and 40 mins,"Mozilla/5.0 (Windows NT 10.0; Win64; x64) AppleWebKit/537.36 (KHTML, like Gecko) Chrome/111.0.0.0 Safari/537.36"
21,Unfu*k Yourself,Gary John Bishop,Length: 3 hrs and 24 mins,"Mozilla/5.0 (Windows NT 10.0; Win64; x64) AppleWebKit/537.36 (KHTML, like Gecko) Chrome/111.0.0.0 Safari/537.36"
21,Wynter and the Stone Dragon,S.E. Smith,Length: 3 hrs and 45 mins,"Mozilla/5.0 (Windows NT 10.0; Win64; x64) AppleWebKit/537.36 (KHTML, like Gecko) Chrome/111.0.0.0 Safari/537.36"
21,Lasher,Anne Rice,Length: 28 hrs and 30 mins,"Mozilla/5.0 (Windows NT 10.0; Win64; x64) AppleWebKit/537.36 (KHTML, like Gecko) Chrome/111.0.0.0 Safari/537.36"
21,The Woman Inside,Anna-Lou Weatherley,Length: 11 hrs and 19 mins,"Mozilla/5.0 (Windows NT 10.0; Win64; x64) AppleWebKit/537.36 (KHTML, like Gecko) Chrome/111.0.0.0 Safari/537.36"
21,The Night of the Party,Anna-Lou Weatherley,Length: 10 hrs and 12 mins,"Mozilla/5.0 (Windows NT 10.0; Win64; x64) AppleWebKit/537.36 (KHTML, like Gecko) Chrome/111.0.0.0 Safari/537.36"
21,Rogue,Elle Kennedy,Length: 12 hrs and 16 mins,"Mozilla/5.0 (Windows NT 10.0; Win64; x64) AppleWebKit/537.36 (KHTML, like Gecko) Chrome/111.0.0.0 Safari/537.36"
21,Angels and Demons,Dan Brown,Length: 18 hrs and 28 mins,"Mozilla/5.0 (Windows NT 10.0; Win64; x64) AppleWebKit/537.36 (KHTML, like Gecko) Chrome/111.0.0.0 Safari/537.36"
21,Uninvited,Lysa TerKeurst,Length: 5 hrs and 27 mins,"Mozilla/5.0 (Windows NT 10.0; Win64; x64) AppleWebKit/537.36 (KHTML, like Gecko) Chrome/111.0.0.0 Safari/537.36"
21,The Power of Intention,Dr. Wayne W. Dyer,Length: 4 hrs and 27 mins,"Mozilla/5.0 (Windows NT 10.0; Win64; x64) AppleWebKit/537.36 (KHTML, like Gecko) Chrome/111.0.0.0 Safari/537.36"
21,Captivating,"John Eldredge,Stasi Eldredge",Length: 8 hrs and 44 mins,"Mozilla/5.0 (Windows NT 10.0; Win64; x64) AppleWebKit/537.36 (KHTML, like Gecko) Chrome/111.0.0.0 Safari/537.36"
21,Year of Wonders,Geraldine Brooks,Length: 10 hrs and 6 mins,"Mozilla/5.0 (Windows NT 10.0; Win64; x64) AppleWebKit/537.36 (KHTML, like Gecko) Chrome/111.0.0.0 Safari/537.36"
21,Zen and the Art of Motorcycle Maintenance (Dramatised),"Robert M. Pirsig,Peter Flannery",Length: 1 hr and 40 mins,"Mozilla/5.0 (Windows NT 10.0; Win64; x64) AppleWebKit/537.36 (KHTML, like Gecko) Chrome/111.0.0.0 Safari/537.36"
21,Serpent Rising,Neven Paar,Length: 28 hrs and 40 mins,"Mozilla/5.0 (Windows NT 10.0; Win64; x64) AppleWebKit/537.36 (KHTML, like Gecko) Chrome/111.0.0.0 Safari/537.36"
21,Magpie Murders,Anthony Horowitz,Length: 15 hrs and 48 mins,"Mozilla/5.0 (Windows NT 10.0; Win64; x64) AppleWebKit/537.36 (KHTML, like Gecko) Chrome/111.0.0.0 Safari/537.36"
21,One of Us Is Lying (TV Series Tie-In Edition),Karen M. McManus,Length: 10 hrs and 43 mins,"Mozilla/5.0 (Windows NT 10.0; Win64; x64) AppleWebKit/537.36 (KHTML, like Gecko) Chrome/111.0.0.0 Safari/537.36"
22,The Sun Also Rises,"Ernest Hemingway,Colm Toibin",Length: 7 hrs and 46 mins,"Mozilla/5.0 (Windows NT 10.0; Win64; x64) AppleWebKit/537.36 (KHTML, like Gecko) Chrome/111.0.0.0 Safari/537.36"
22,Smart Brevity,"Jim VandeHei,Mike Allen,Roy Schwartz",Length: 3 hrs and 1 min,"Mozilla/5.0 (Windows NT 10.0; Win64; x64) AppleWebKit/537.36 (KHTML, like Gecko) Chrome/111.0.0.0 Safari/537.36"
22,The Holiday Home,Daniel Hurst,Length: 6 hrs and 49 mins,"Mozilla/5.0 (Windows NT 10.0; Win64; x64) AppleWebKit/537.36 (KHTML, like Gecko) Chrome/111.0.0.0 Safari/537.36"
22,Good Deeds,Kathryn Moon,Length: 7 hrs,"Mozilla/5.0 (Windows NT 10.0; Win64; x64) AppleWebKit/537.36 (KHTML, like Gecko) Chrome/111.0.0.0 Safari/537.36"
22,He Who Fights with Monsters 9,"Shirtaloon,Travis Deverell",Length: 30 hrs and 20 mins,"Mozilla/5.0 (Windows NT 10.0; Win64; x64) AppleWebKit/537.36 (KHTML, like Gecko) Chrome/111.0.0.0 Safari/537.36"
22,Allegiant,Veronica Roth,Length: 11 hrs and 51 mins,"Mozilla/5.0 (Windows NT 10.0; Win64; x64) AppleWebKit/537.36 (KHTML, like Gecko) Chrome/111.0.0.0 Safari/537.36"
22,Life 3.0,Max Tegmark,Length: 13 hrs and 29 mins,"Mozilla/5.0 (Windows NT 10.0; Win64; x64) AppleWebKit/537.36 (KHTML, like Gecko) Chrome/111.0.0.0 Safari/537.36"
22,The Art of Happiness,"His Holiness the Dalai Lama,Howard C. Cutler MD",Length: 3 hrs and 18 mins,"Mozilla/5.0 (Windows NT 10.0; Win64; x64) AppleWebKit/537.36 (KHTML, like Gecko) Chrome/111.0.0.0 Safari/537.36"
22,Based on a True Story,Norm Macdonald,Length: 7 hrs and 18 mins,"Mozilla/5.0 (Windows NT 10.0; Win64; x64) AppleWebKit/537.36 (KHTML, like Gecko) Chrome/111.0.0.0 Safari/537.36"
22,Big Little Lies,Liane Moriarty,Length: 15 hrs and 55 mins,"Mozilla/5.0 (Windows NT 10.0; Win64; x64) AppleWebKit/537.36 (KHTML, like Gecko) Chrome/111.0.0.0 Safari/537.36"
22,I Don't Need Therapy,Toni Lodge,Length: 5 hrs and 34 mins,"Mozilla/5.0 (Windows NT 10.0; Win64; x64) AppleWebKit/537.36 (KHTML, like Gecko) Chrome/111.0.0.0 Safari/537.36"
22,A Day of Fallen Night,Samantha Shannon,Length: 38 hrs and 48 mins,"Mozilla/5.0 (Windows NT 10.0; Win64; x64) AppleWebKit/537.36 (KHTML, like Gecko) Chrome/111.0.0.0 Safari/537.36"
22,A Little Life,Hanya Yanagihara,Length: 32 hrs and 51 mins,"Mozilla/5.0 (Windows NT 10.0; Win64; x64) AppleWebKit/537.36 (KHTML, like Gecko) Chrome/111.0.0.0 Safari/537.36"
22,Final Battle,David Horowitz,Length: 5 hrs and 37 mins,"Mozilla/5.0 (Windows NT 10.0; Win64; x64) AppleWebKit/537.36 (KHTML, like Gecko) Chrome/111.0.0.0 Safari/537.36"
22,Real-Time Leadership,"David Noble,Carol Kauffman",Length: 9 hrs and 49 mins,"Mozilla/5.0 (Windows NT 10.0; Win64; x64) AppleWebKit/537.36 (KHTML, like Gecko) Chrome/111.0.0.0 Safari/537.36"
22,The Daughters of Madurai,Rajasree Variyar,Length: 14 hrs and 6 mins,"Mozilla/5.0 (Windows NT 10.0; Win64; x64) AppleWebKit/537.36 (KHTML, like Gecko) Chrome/111.0.0.0 Safari/537.36"
22,The Nazi Conspiracy,"Brad Meltzer,Josh Mensch",Length: 10 hrs and 42 mins,"Mozilla/5.0 (Windows NT 10.0; Win64; x64) AppleWebKit/537.36 (KHTML, like Gecko) Chrome/111.0.0.0 Safari/537.36"
22,The Ink Black Heart,Robert Galbraith,Length: 32 hrs and 42 mins,"Mozilla/5.0 (Windows NT 10.0; Win64; x64) AppleWebKit/537.36 (KHTML, like Gecko) Chrome/111.0.0.0 Safari/537.36"
22,And There Was Light,Jon Meacham,Length: 17 hrs and 49 mins,"Mozilla/5.0 (Windows NT 10.0; Win64; x64) AppleWebKit/537.36 (KHTML, like Gecko) Chrome/111.0.0.0 Safari/537.36"
22,First Ritual: Supernatural Battle,Kelly St Clare,Length: 13 hrs and 2 mins,"Mozilla/5.0 (Windows NT 10.0; Win64; x64) AppleWebKit/537.36 (KHTML, like Gecko) Chrome/111.0.0.0 Safari/537.36"
23,Sideways Stories from Wayside School,Louis Sachar,Length: 2 hrs and 26 mins,"Mozilla/5.0 (Windows NT 10.0; Win64; x64) AppleWebKit/537.36 (KHTML, like Gecko) Chrome/111.0.0.0 Safari/537.36"
23,"Tinker, Tailor, Soldier, Spy",John le Carré,Length: 12 hrs and 49 mins,"Mozilla/5.0 (Windows NT 10.0; Win64; x64) AppleWebKit/537.36 (KHTML, like Gecko) Chrome/111.0.0.0 Safari/537.36"
23,Fool's Errand,Robin Hobb,Length: 25 hrs and 18 mins,"Mozilla/5.0 (Windows NT 10.0; Win64; x64) AppleWebKit/537.36 (KHTML, like Gecko) Chrome/111.0.0.0 Safari/537.36"
23,Sin and Soil 10,Anya Merchant,Length: 8 hrs and 9 mins,"Mozilla/5.0 (Windows NT 10.0; Win64; x64) AppleWebKit/537.36 (KHTML, like Gecko) Chrome/111.0.0.0 Safari/537.36"
23,The Duke and I,Julia Quinn,Length: 12 hrs and 9 mins,"Mozilla/5.0 (Windows NT 10.0; Win64; x64) AppleWebKit/537.36 (KHTML, like Gecko) Chrome/111.0.0.0 Safari/537.36"
23,Kindred,Octavia E. Butler,Length: 10 hrs and 55 mins,"Mozilla/5.0 (Windows NT 10.0; Win64; x64) AppleWebKit/537.36 (KHTML, like Gecko) Chrome/111.0.0.0 Safari/537.36"
23,The Cuckoo's Calling,Robert Galbraith,Length: 15 hrs and 54 mins,"Mozilla/5.0 (Windows NT 10.0; Win64; x64) AppleWebKit/537.36 (KHTML, like Gecko) Chrome/111.0.0.0 Safari/537.36"
23,The Tipping Point,Malcolm Gladwell,Length: 8 hrs and 34 mins,"Mozilla/5.0 (Windows NT 10.0; Win64; x64) AppleWebKit/537.36 (KHTML, like Gecko) Chrome/111.0.0.0 Safari/537.36"
23,Girl in Pieces,Kathleen Glasgow,Length: 10 hrs and 42 mins,"Mozilla/5.0 (Windows NT 10.0; Win64; x64) AppleWebKit/537.36 (KHTML, like Gecko) Chrome/111.0.0.0 Safari/537.36"
23,The Millionaire Fastlane: Crack the Code to Wealth and Live Rich for a Lifetime,MJ DeMarco,Length: 12 hrs and 46 mins,"Mozilla/5.0 (Windows NT 10.0; Win64; x64) AppleWebKit/537.36 (KHTML, like Gecko) Chrome/111.0.0.0 Safari/537.36"
23,Gone Girl,Gillian Flynn,Length: 19 hrs and 57 mins,"Mozilla/5.0 (Windows NT 10.0; Win64; x64) AppleWebKit/537.36 (KHTML, like Gecko) Chrome/111.0.0.0 Safari/537.36"
23,The Outsiders,S. E. Hinton,Length: 5 hrs and 9 mins,"Mozilla/5.0 (Windows NT 10.0; Win64; x64) AppleWebKit/537.36 (KHTML, like Gecko) Chrome/111.0.0.0 Safari/537.36"
23,The Speed of Trust,Stephen M. R. Covey,Length: 12 hrs and 13 mins,"Mozilla/5.0 (Windows NT 10.0; Win64; x64) AppleWebKit/537.36 (KHTML, like Gecko) Chrome/111.0.0.0 Safari/537.36"
23,The Monk Who Sold His Ferrari,Robin Sharma,Length: 6 hrs and 34 mins,"Mozilla/5.0 (Windows NT 10.0; Win64; x64) AppleWebKit/537.36 (KHTML, like Gecko) Chrome/111.0.0.0 Safari/537.36"
23,Recovery,Russell Brand,Length: 7 hrs and 50 mins,"Mozilla/5.0 (Windows NT 10.0; Win64; x64) AppleWebKit/537.36 (KHTML, like Gecko) Chrome/111.0.0.0 Safari/537.36"
23,The Seven Spiritual Laws of Success,Deepak Chopra MD,Length: 1 hr and 26 mins,"Mozilla/5.0 (Windows NT 10.0; Win64; x64) AppleWebKit/537.36 (KHTML, like Gecko) Chrome/111.0.0.0 Safari/537.36"
23,Wildflower,Drew Barrymore,Length: 7 hrs and 5 mins,"Mozilla/5.0 (Windows NT 10.0; Win64; x64) AppleWebKit/537.36 (KHTML, like Gecko) Chrome/111.0.0.0 Safari/537.36"
23,Brideshead Revisited,Evelyn Waugh,Length: 11 hrs and 33 mins,"Mozilla/5.0 (Windows NT 10.0; Win64; x64) AppleWebKit/537.36 (KHTML, like Gecko) Chrome/111.0.0.0 Safari/537.36"
23,The Universe Has Your Back,Gabrielle Bernstein,Length: 4 hrs and 30 mins,"Mozilla/5.0 (Windows NT 10.0; Win64; x64) AppleWebKit/537.36 (KHTML, like Gecko) Chrome/111.0.0.0 Safari/537.36"
23,Napoleon,Andrew Roberts,Length: 32 hrs and 56 mins,"Mozilla/5.0 (Windows NT 10.0; Win64; x64) AppleWebKit/537.36 (KHTML, like Gecko) Chrome/111.0.0.0 Safari/537.36"
24,Captivate,Vanessa Van Edwards,Length: 7 hrs and 28 mins,"Mozilla/5.0 (Windows NT 10.0; Win64; x64) AppleWebKit/537.36 (KHTML, like Gecko) Chrome/111.0.0.0 Safari/537.36"
24,The Goldfinch,Donna Tartt,Length: 32 hrs and 24 mins,"Mozilla/5.0 (Windows NT 10.0; Win64; x64) AppleWebKit/537.36 (KHTML, like Gecko) Chrome/111.0.0.0 Safari/537.36"
24,The Ramona Quimby Audio Collection,"Beverly Cleary,Tracy Dockray",Length: 18 hrs and 56 mins,"Mozilla/5.0 (Windows NT 10.0; Win64; x64) AppleWebKit/537.36 (KHTML, like Gecko) Chrome/111.0.0.0 Safari/537.36"
24,Give and Take,Adam M. Grant PhD,Length: 11 hrs and 50 mins,"Mozilla/5.0 (Windows NT 10.0; Win64; x64) AppleWebKit/537.36 (KHTML, like Gecko) Chrome/111.0.0.0 Safari/537.36"
24,Feeling Good,David D. Burns MD,Length: 13 hrs and 20 mins,"Mozilla/5.0 (Windows NT 10.0; Win64; x64) AppleWebKit/537.36 (KHTML, like Gecko) Chrome/111.0.0.0 Safari/537.36"
24,Oh Crap! Potty Training,Jamie Glowacki,Length: 8 hrs and 4 mins,"Mozilla/5.0 (Windows NT 10.0; Win64; x64) AppleWebKit/537.36 (KHTML, like Gecko) Chrome/111.0.0.0 Safari/537.36"
24,"Many Lives, Many Masters",Brian L. Weiss M.D.,Length: 1 hr and 28 mins,"Mozilla/5.0 (Windows NT 10.0; Win64; x64) AppleWebKit/537.36 (KHTML, like Gecko) Chrome/111.0.0.0 Safari/537.36"
24,The Cat in the Hat and Other Dr. Seuss Favorites,Dr. Seuss,Length: 1 hr and 59 mins,"Mozilla/5.0 (Windows NT 10.0; Win64; x64) AppleWebKit/537.36 (KHTML, like Gecko) Chrome/111.0.0.0 Safari/537.36"
24,Chasing Sunsets,Rachel Hanna,Length: 3 hrs and 47 mins,"Mozilla/5.0 (Windows NT 10.0; Win64; x64) AppleWebKit/537.36 (KHTML, like Gecko) Chrome/111.0.0.0 Safari/537.36"
24,Real Romance,"Mark Driscoll,Grace Driscoll",Length: 7 hrs,"Mozilla/5.0 (Windows NT 10.0; Win64; x64) AppleWebKit/537.36 (KHTML, like Gecko) Chrome/111.0.0.0 Safari/537.36"
24,Lady of Fortune,Mary Jo Putney,Length: 12 hrs and 51 mins,"Mozilla/5.0 (Windows NT 10.0; Win64; x64) AppleWebKit/537.36 (KHTML, like Gecko) Chrome/111.0.0.0 Safari/537.36"
24,The 40 Day Feast,Wendy Speake,Length: 7 hrs and 20 mins,"Mozilla/5.0 (Windows NT 10.0; Win64; x64) AppleWebKit/537.36 (KHTML, like Gecko) Chrome/111.0.0.0 Safari/537.36"
24,The Fine Print,Lauren Asher,Length: 11 hrs and 8 mins,"Mozilla/5.0 (Windows NT 10.0; Win64; x64) AppleWebKit/537.36 (KHTML, like Gecko) Chrome/111.0.0.0 Safari/537.36"
24,Customer Success Manifesto,"Jay Goncalves,Ben McLellan",Length: 5 hrs and 28 mins,"Mozilla/5.0 (Windows NT 10.0; Win64; x64) AppleWebKit/537.36 (KHTML, like Gecko) Chrome/111.0.0.0 Safari/537.36"
24,Skinwalkers at the Pentagon,"James T. Lacatski DEng,Colm A. Kelleher PhD,George Knapp,various",Length: 6 hrs and 12 mins,"Mozilla/5.0 (Windows NT 10.0; Win64; x64) AppleWebKit/537.36 (KHTML, like Gecko) Chrome/111.0.0.0 Safari/537.36"
24,Throttled,Lauren Asher,Length: 10 hrs and 21 mins,"Mozilla/5.0 (Windows NT 10.0; Win64; x64) AppleWebKit/537.36 (KHTML, like Gecko) Chrome/111.0.0.0 Safari/537.36"
24,The Auction,Maggie Cole,Length: 9 hrs and 54 mins,"Mozilla/5.0 (Windows NT 10.0; Win64; x64) AppleWebKit/537.36 (KHTML, like Gecko) Chrome/111.0.0.0 Safari/537.36"
24,Boomer,Marie James,Length: 6 hrs and 42 mins,"Mozilla/5.0 (Windows NT 10.0; Win64; x64) AppleWebKit/537.36 (KHTML, like Gecko) Chrome/111.0.0.0 Safari/537.36"
24,Never Finished,David Goggins,Length: 11 hrs and 6 mins,"Mozilla/5.0 (Windows NT 10.0; Win64; x64) AppleWebKit/537.36 (KHTML, like Gecko) Chrome/111.0.0.0 Safari/537.36"
24,Phoenix's Refrain,Ella Summers,Length: 11 hrs and 36 mins,"Mozilla/5.0 (Windows NT 10.0; Win64; x64) AppleWebKit/537.36 (KHTML, like Gecko) Chrome/111.0.0.0 Safari/537.36"
25,Real Romance,"Mark Driscoll,Grace Driscoll",Length: 7 hrs,"Mozilla/5.0 (Windows NT 10.0; Win64; x64) AppleWebKit/537.36 (KHTML, like Gecko) Chrome/111.0.0.0 Safari/537.36"
25,Lady of Fortune,Mary Jo Putney,Length: 12 hrs and 51 mins,"Mozilla/5.0 (Windows NT 10.0; Win64; x64) AppleWebKit/537.36 (KHTML, like Gecko) Chrome/111.0.0.0 Safari/537.36"
25,The Phoenix Prophecy: Nova,Cara Clare,Length: 7 hrs and 3 mins,"Mozilla/5.0 (Windows NT 10.0; Win64; x64) AppleWebKit/537.36 (KHTML, like Gecko) Chrome/111.0.0.0 Safari/537.36"
25,At the Left Hand of God,Dr. Robert Svoboda,Length: 11 hrs and 34 mins,"Mozilla/5.0 (Windows NT 10.0; Win64; x64) AppleWebKit/537.36 (KHTML, like Gecko) Chrome/111.0.0.0 Safari/537.36"
25,Don't Back Down,Sharon Sala,Length: 10 hrs and 9 mins,"Mozilla/5.0 (Windows NT 10.0; Win64; x64) AppleWebKit/537.36 (KHTML, like Gecko) Chrome/111.0.0.0 Safari/537.36"
25,The Fine Print,Lauren Asher,Length: 11 hrs and 8 mins,"Mozilla/5.0 (Windows NT 10.0; Win64; x64) AppleWebKit/537.36 (KHTML, like Gecko) Chrome/111.0.0.0 Safari/537.36"
25,"Yes, and...",Richard Rohr OFM,Length: 12 hrs and 5 mins,"Mozilla/5.0 (Windows NT 10.0; Win64; x64) AppleWebKit/537.36 (KHTML, like Gecko) Chrome/111.0.0.0 Safari/537.36"
25,Skinwalkers at the Pentagon,"James T. Lacatski DEng,Colm A. Kelleher PhD,George Knapp,various",Length: 6 hrs and 12 mins,"Mozilla/5.0 (Windows NT 10.0; Win64; x64) AppleWebKit/537.36 (KHTML, like Gecko) Chrome/111.0.0.0 Safari/537.36"
25,Throttled,Lauren Asher,Length: 10 hrs and 21 mins,"Mozilla/5.0 (Windows NT 10.0; Win64; x64) AppleWebKit/537.36 (KHTML, like Gecko) Chrome/111.0.0.0 Safari/537.36"
25,"If This Book Exists, You're in the Wrong Universe","Jason Pargin,David Wong",Length: 14 hrs and 25 mins,"Mozilla/5.0 (Windows NT 10.0; Win64; x64) AppleWebKit/537.36 (KHTML, like Gecko) Chrome/111.0.0.0 Safari/537.36"
25,Never Finished,David Goggins,Length: 11 hrs and 6 mins,"Mozilla/5.0 (Windows NT 10.0; Win64; x64) AppleWebKit/537.36 (KHTML, like Gecko) Chrome/111.0.0.0 Safari/537.36"
25,Phoenix's Refrain,Ella Summers,Length: 11 hrs and 36 mins,"Mozilla/5.0 (Windows NT 10.0; Win64; x64) AppleWebKit/537.36 (KHTML, like Gecko) Chrome/111.0.0.0 Safari/537.36"
25,My Kind of Town,Shelly Laurenston,Length: 4 hrs and 23 mins,"Mozilla/5.0 (Windows NT 10.0; Win64; x64) AppleWebKit/537.36 (KHTML, like Gecko) Chrome/111.0.0.0 Safari/537.36"
25,Murder at an Irish Bakery,Carlene O'Connor,Length: 9 hrs and 32 mins,"Mozilla/5.0 (Windows NT 10.0; Win64; x64) AppleWebKit/537.36 (KHTML, like Gecko) Chrome/111.0.0.0 Safari/537.36"
25,The Power of One More,Ed Mylett,Length: 5 hrs and 19 mins,"Mozilla/5.0 (Windows NT 10.0; Win64; x64) AppleWebKit/537.36 (KHTML, like Gecko) Chrome/111.0.0.0 Safari/537.36"
25,Ryan Retribution,Sadie Kincaid,Length: 7 hrs and 5 mins,"Mozilla/5.0 (Windows NT 10.0; Win64; x64) AppleWebKit/537.36 (KHTML, like Gecko) Chrome/111.0.0.0 Safari/537.36"
25,El método de las 3 R [The 3 R Method],Nathaly Marcus,Length: 8 hrs and 19 mins,"Mozilla/5.0 (Windows NT 10.0; Win64; x64) AppleWebKit/537.36 (KHTML, like Gecko) Chrome/111.0.0.0 Safari/537.36"
25,Butterfly 4,Ashley Antoinette,Length: 11 hrs and 18 mins,"Mozilla/5.0 (Windows NT 10.0; Win64; x64) AppleWebKit/537.36 (KHTML, like Gecko) Chrome/111.0.0.0 Safari/537.36"
25,Medical Medium Brain Saver,Anthony William,Length: 29 hrs and 16 mins,"Mozilla/5.0 (Windows NT 10.0; Win64; x64) AppleWebKit/537.36 (KHTML, like Gecko) Chrome/111.0.0.0 Safari/537.36"
25,Drive,Kate Stewart,Length: 11 hrs and 11 mins,"Mozilla/5.0 (Windows NT 10.0; Win64; x64) AppleWebKit/537.36 (KHTML, like Gecko) Chrome/111.0.0.0 Safari/537.36"
26,Real Romance,"Mark Driscoll,Grace Driscoll",Length: 7 hrs,"Mozilla/5.0 (Windows NT 10.0; Win64; x64) AppleWebKit/537.36 (KHTML, like Gecko) Chrome/111.0.0.0 Safari/537.36"
26,Lady of Fortune,Mary Jo Putney,Length: 12 hrs and 51 mins,"Mozilla/5.0 (Windows NT 10.0; Win64; x64) AppleWebKit/537.36 (KHTML, like Gecko) Chrome/111.0.0.0 Safari/537.36"
26,The Phoenix Prophecy: Nova,Cara Clare,Length: 7 hrs and 3 mins,"Mozilla/5.0 (Windows NT 10.0; Win64; x64) AppleWebKit/537.36 (KHTML, like Gecko) Chrome/111.0.0.0 Safari/537.36"
26,At the Left Hand of God,Dr. Robert Svoboda,Length: 11 hrs and 34 mins,"Mozilla/5.0 (Windows NT 10.0; Win64; x64) AppleWebKit/537.36 (KHTML, like Gecko) Chrome/111.0.0.0 Safari/537.36"
26,Don't Back Down,Sharon Sala,Length: 10 hrs and 9 mins,"Mozilla/5.0 (Windows NT 10.0; Win64; x64) AppleWebKit/537.36 (KHTML, like Gecko) Chrome/111.0.0.0 Safari/537.36"
26,The Fine Print,Lauren Asher,Length: 11 hrs and 8 mins,"Mozilla/5.0 (Windows NT 10.0; Win64; x64) AppleWebKit/537.36 (KHTML, like Gecko) Chrome/111.0.0.0 Safari/537.36"
26,"Yes, and...",Richard Rohr OFM,Length: 12 hrs and 5 mins,"Mozilla/5.0 (Windows NT 10.0; Win64; x64) AppleWebKit/537.36 (KHTML, like Gecko) Chrome/111.0.0.0 Safari/537.36"
26,Skinwalkers at the Pentagon,"James T. Lacatski DEng,Colm A. Kelleher PhD,George Knapp,various",Length: 6 hrs and 12 mins,"Mozilla/5.0 (Windows NT 10.0; Win64; x64) AppleWebKit/537.36 (KHTML, like Gecko) Chrome/111.0.0.0 Safari/537.36"
26,Throttled,Lauren Asher,Length: 10 hrs and 21 mins,"Mozilla/5.0 (Windows NT 10.0; Win64; x64) AppleWebKit/537.36 (KHTML, like Gecko) Chrome/111.0.0.0 Safari/537.36"
26,"If This Book Exists, You're in the Wrong Universe","Jason Pargin,David Wong",Length: 14 hrs and 25 mins,"Mozilla/5.0 (Windows NT 10.0; Win64; x64) AppleWebKit/537.36 (KHTML, like Gecko) Chrome/111.0.0.0 Safari/537.36"
26,Never Finished,David Goggins,Length: 11 hrs and 6 mins,"Mozilla/5.0 (Windows NT 10.0; Win64; x64) AppleWebKit/537.36 (KHTML, like Gecko) Chrome/111.0.0.0 Safari/537.36"
26,Phoenix's Refrain,Ella Summers,Length: 11 hrs and 36 mins,"Mozilla/5.0 (Windows NT 10.0; Win64; x64) AppleWebKit/537.36 (KHTML, like Gecko) Chrome/111.0.0.0 Safari/537.36"
26,My Kind of Town,Shelly Laurenston,Length: 4 hrs and 23 mins,"Mozilla/5.0 (Windows NT 10.0; Win64; x64) AppleWebKit/537.36 (KHTML, like Gecko) Chrome/111.0.0.0 Safari/537.36"
26,Murder at an Irish Bakery,Carlene O'Connor,Length: 9 hrs and 32 mins,"Mozilla/5.0 (Windows NT 10.0; Win64; x64) AppleWebKit/537.36 (KHTML, like Gecko) Chrome/111.0.0.0 Safari/537.36"
26,The Power of One More,Ed Mylett,Length: 5 hrs and 19 mins,"Mozilla/5.0 (Windows NT 10.0; Win64; x64) AppleWebKit/537.36 (KHTML, like Gecko) Chrome/111.0.0.0 Safari/537.36"
26,Ryan Retribution,Sadie Kincaid,Length: 7 hrs and 5 mins,"Mozilla/5.0 (Windows NT 10.0; Win64; x64) AppleWebKit/537.36 (KHTML, like Gecko) Chrome/111.0.0.0 Safari/537.36"
26,El método de las 3 R [The 3 R Method],Nathaly Marcus,Length: 8 hrs and 19 mins,"Mozilla/5.0 (Windows NT 10.0; Win64; x64) AppleWebKit/537.36 (KHTML, like Gecko) Chrome/111.0.0.0 Safari/537.36"
26,Butterfly 4,Ashley Antoinette,Length: 11 hrs and 18 mins,"Mozilla/5.0 (Windows NT 10.0; Win64; x64) AppleWebKit/537.36 (KHTML, like Gecko) Chrome/111.0.0.0 Safari/537.36"
26,Medical Medium Brain Saver,Anthony William,Length: 29 hrs and 16 mins,"Mozilla/5.0 (Windows NT 10.0; Win64; x64) AppleWebKit/537.36 (KHTML, like Gecko) Chrome/111.0.0.0 Safari/537.36"
26,Drive,Kate Stewart,Length: 11 hrs and 11 mins,"Mozilla/5.0 (Windows NT 10.0; Win64; x64) AppleWebKit/537.36 (KHTML, like Gecko) Chrome/111.0.0.0 Safari/537.36"
